month,region,product,sales_rep,quantity,unit_price,revenue,target,returns,discount_pct
2023-07,West,Trial Pack,REP015,76,823.68,62599.53,26400,3259.63,0.85
2024-12,West,Standard Pack,REP001,80,3100.49,248039.03,174000,10413.17,6.0
2024-04,East,Bulk Pack,REP020,68,7920.23,538575.7,480000,29311.77,6.76
2024-06,West,Premium Pack,REP014,13,4273.95,55561.34,55000,3041.35,6.6
2023-07,West,Trial Pack,REP008,51,721.61,36801.98,36000,536.53,11.33
2023-06,South,Bulk Pack,REP018,94,7879.41,740664.53,568000,54907.47,10.91
2024-03,West,Premium Pack,REP008,89,4833.02,430138.42,310000,20190.74,14.48
2024-01,North,Trial Pack,REP015,49,697.89,34196.72,14400,2112.66,2.98
2024-12,East,Economy Pack,REP017,12,1603.05,19236.64,63000,932.53,13.89
2023-09,West,Premium Pack,REP008,16,4746.35,75941.55,285000,2252.84,10.03
2023-05,East,Bulk Pack,REP008,90,8929.31,803637.95,592000,24618.77,14.58
2023-03,North,Trial Pack,REP014,31,805.46,24969.13,19200,221.51,6.59
2024-07,North,Bulk Pack,REP004,98,7134.4,699170.76,192000,42260.74,3.43
2023-07,East,Economy Pack,REP002,46,1638.65,75378.09,99000,636.16,6.85
2023-12,West,Bulk Pack,REP011,96,7655.11,734891.02,568000,6470.09,3.42
2024-08,Central,Premium Pack,REP003,74,5016.12,371192.95,90000,14397.24,10.39
2023-10,West,Economy Pack,REP009,56,1438.63,80563.47,100500,6203.05,3.78
2023-02,East,Premium Pack,REP005,60,4305.33,258319.83,55000,10388.16,0.77
2023-05,North,Premium Pack,REP019,6,5046.4,30278.41,205000,1339.26,8.89
2024-11,East,Economy Pack,REP017,42,1440.5,60501.1,118500,1930.35,12.25
2024-04,North,Premium Pack,REP006,84,4311.16,362137.67,145000,9443.36,3.3
2023-03,East,Bulk Pack,REP007,56,9057.26,507206.33,392000,15692.37,14.05
2023-01,East,Bulk Pack,REP018,27,8099.48,218685.83,408000,4512.65,9.9
2024-04,North,Bulk Pack,REP017,6,9191.01,55146.05,168000,2463.01,13.24
2024-11,North,Premium Pack,REP003,23,5338.93,122795.47,60000,8412.22,6.07
2023-01,West,Economy Pack,REP017,76,1628.4,123758.65,51000,50.11,2.41
2024-06,South,Economy Pack,REP016,65,1375.92,89434.88,63000,129.33,7.41
2024-04,West,Economy Pack,REP017,37,1519.14,56208.29,102000,1653.49,3.98
2024-02,Central,Economy Pack,REP008,31,1470.48,45584.8,45000,1833.01,8.65
2023-01,Central,Bulk Pack,REP016,23,8172.81,187974.63,584000,9706.59,2.66
2024-02,Central,Economy Pack,REP009,41,1692.74,69402.48,82500,5367.06,14.45
2023-01,West,Trial Pack,REP001,71,720.68,51168.16,27200,1615.65,12.66
2023-03,South,Standard Pack,REP010,6,2840.3,17041.77,126000,186.26,10.63
2023-07,Central,Standard Pack,REP003,54,3330.37,179839.71,66000,1173.91,0.08
2023-04,Central,Bulk Pack,REP001,12,8484.72,101816.65,200000,413.53,13.3
2024-03,West,Standard Pack,REP002,36,3070.45,110536.28,180000,4117.24,8.14
2024-10,South,Standard Pack,REP017,56,2584.95,144757.27,72000,4171.22,1.91
2023-01,Central,Bulk Pack,REP012,9,7897.44,71076.93,120000,293.87,7.97
2024-03,East,Bulk Pack,REP016,17,9126.89,155157.1,312000,509.75,5.98
2024-07,West,Standard Pack,REP005,94,3416.38,321140.06,96000,11003.91,10.33
2023-01,South,Standard Pack,REP001,38,2765.81,105100.73,171000,1537.55,14.02
2023-01,Central,Trial Pack,REP003,80,815.85,65267.91,48000,3957.04,0.22
2024-02,West,Trial Pack,REP015,98,885.31,86760.43,62400,3291.16,1.47
2024-04,Central,Bulk Pack,REP001,98,8359.46,819226.77,152000,62205.25,13.3
2024-08,South,Standard Pack,REP019,62,3000.94,186058.03,234000,10180.56,9.24
2024-04,South,Premium Pack,REP020,28,5265.75,147441.07,220000,7587.77,6.87
2024-07,East,Trial Pack,REP012,71,876.9,62260.07,39200,4509.38,2.94
2024-01,West,Standard Pack,REP019,39,2852.9,111263.05,51000,3430.43,10.22
2023-02,East,Premium Pack,REP007,72,5289.34,380832.16,190000,1193.87,6.27
2023-04,South,Trial Pack,REP009,28,873.64,24461.93,46400,1431.8,1.92
2024-05,Central,Bulk Pack,REP017,59,8602.09,507523.34,312000,36645.33,7.58
2024-04,North,Trial Pack,REP019,53,692.84,36720.33,56000,2659.67,1.37
2023-07,West,Bulk Pack,REP019,20,7876.27,157525.39,168000,4141.84,10.09
2023-04,Central,Premium Pack,REP007,57,4991.63,284522.94,240000,22669.22,0.84
2023-03,Central,Economy Pack,REP011,22,1710.89,37639.65,27000,2293.04,9.27
2023-06,Central,Standard Pack,REP009,54,3352.71,181046.19,225000,1178.23,1.27
2024-07,Central,Premium Pack,REP020,21,5670.87,119088.33,270000,7177.48,5.64
2024-07,Central,Bulk Pack,REP007,95,7396.94,702709.11,224000,6251.16,7.39
2024-01,South,Bulk Pack,REP020,96,8641.27,829561.69,384000,49511.22,8.75
2024-05,North,Premium Pack,REP006,10,5453.16,54531.64,270000,4231.13,0.65
2024-09,Central,Economy Pack,REP005,40,1524.23,60969.38,43500,367.94,2.49
2024-05,North,Trial Pack,REP003,20,856.9,17138.08,16800,1314.43,0.87
2023-06,West,Bulk Pack,REP008,96,8352.44,801833.86,136000,22666.38,8.75
2023-05,North,Bulk Pack,REP017,77,7542.87,580800.7,304000,6188.32,1.14
2023-06,South,Economy Pack,REP005,51,1688.63,86120.1,28500,6426.13,12.99
2024-01,Central,Premium Pack,REP001,22,5730.91,126080.11,290000,3799.94,11.24
2024-10,East,Economy Pack,REP017,81,1303.58,105590.01,15000,115.49,1.13
2024-05,Central,Trial Pack,REP006,7,813.3,5693.13,49600,430.29,12.74
2024-05,Central,Premium Pack,REP014,5,5681.08,28405.38,65000,519.57,10.08
2023-02,West,Standard Pack,REP002,58,3245.09,188215.02,177000,12831.47,8.28
2023-05,East,Premium Pack,REP017,51,4880.8,248920.99,115000,14020.82,3.19
2023-06,West,Standard Pack,REP006,54,3080.93,166370.0,117000,7384.37,1.37
2023-02,West,Premium Pack,REP006,92,5615.71,516645.04,195000,25711.84,12.94
2023-05,Central,Bulk Pack,REP010,60,8821.02,529261.16,208000,10934.3,6.89
2023-02,Central,Standard Pack,REP013,47,2766.13,130008.16,96000,1331.76,2.28
2024-10,West,Bulk Pack,REP003,71,8036.57,570596.22,328000,7866.01,2.88
2024-07,Central,Trial Pack,REP018,96,763.43,73289.15,24800,520.07,1.81
2023-09,West,Standard Pack,REP014,38,2665.87,101303.2,162000,2606.19,1.38
2024-03,North,Economy Pack,REP016,65,1276.17,82950.9,67500,5350.01,11.22
2024-08,South,Bulk Pack,REP014,92,8529.24,784689.95,280000,2302.8,3.79
2023-07,East,Economy Pack,REP015,22,1476.34,32479.38,36000,272.49,11.06
2023-10,North,Premium Pack,REP007,90,4741.25,426712.14,265000,7961.3,5.14
2023-04,South,Economy Pack,REP009,22,1314.11,28910.51,64500,1289.97,8.8
2023-12,East,Standard Pack,REP009,10,3359.68,33596.83,219000,1534.11,5.34
2024-01,Central,Premium Pack,REP001,57,4402.67,250952.4,395000,7334.97,7.32
2023-11,North,Economy Pack,REP019,35,1459.68,51088.75,67500,4075.88,13.45
2024-08,West,Economy Pack,REP004,83,1642.68,136342.64,90000,8953.47,10.78
2023-11,South,Economy Pack,REP013,48,1367.28,65629.68,52500,1699.44,6.38
2023-01,West,Premium Pack,REP012,51,5310.85,270853.1,115000,6254.12,8.72
2023-11,West,Trial Pack,REP011,7,692.44,4847.06,47200,176.15,8.23
2023-10,West,Standard Pack,REP013,44,3278.89,144271.03,222000,1602.27,0.04
2023-09,East,Economy Pack,REP017,73,1648.78,120360.85,88500,1196.84,10.96
2023-09,South,Bulk Pack,REP003,39,9023.48,351915.67,584000,16173.29,12.63
2023-08,East,Premium Pack,REP005,18,5449.31,98087.5,220000,1288.99,12.22
2024-02,South,Bulk Pack,REP013,46,7741.87,356125.94,392000,12876.05,10.71
2024-07,Central,Premium Pack,REP015,29,4783.04,138708.27,375000,6031.62,13.6
2024-07,East,Economy Pack,REP007,55,1425.71,78413.91,109500,1045.92,13.18
2023-01,West,Economy Pack,REP004,33,1343.25,44327.37,54000,2638.17,0.5
2024-10,South,Standard Pack,REP005,78,2857.87,222914.14,141000,9567.14,5.68
2024-01,West,Trial Pack,REP008,9,796.73,7170.53,61600,414.31,10.8
2024-07,East,Bulk Pack,REP004,30,7404.32,222129.53,624000,14692.51,14.39
2023-08,South,Economy Pack,REP012,94,1538.8,144647.52,106500,1166.38,3.84
2023-08,West,Economy Pack,REP012,72,1630.54,117398.74,69000,6642.31,2.29
2023-09,East,Trial Pack,REP014,44,881.71,38795.04,16000,1399.23,1.7
2024-09,South,Bulk Pack,REP001,67,7547.47,505680.24,392000,24592.01,5.69
2024-09,North,Standard Pack,REP020,61,2554.17,155804.3,150000,1424.27,6.22
2023-11,South,Standard Pack,REP002,95,2957.0,280914.63,156000,738.17,13.69
2024-10,North,Bulk Pack,REP006,92,7547.54,694373.28,304000,32251.6,9.48
2024-06,Central,Premium Pack,REP007,85,5691.61,483786.47,290000,21569.34,12.91
2023-08,North,Premium Pack,REP013,98,5374.94,526744.19,325000,37843.59,3.08
2024-05,Central,Trial Pack,REP016,44,820.99,36123.51,8000,2241.18,6.8
2023-02,West,Premium Pack,REP018,98,5089.46,498767.13,360000,4109.1,5.02
2024-11,East,Standard Pack,REP010,87,3129.6,272275.16,192000,3401.32,10.74
2023-08,North,Premium Pack,REP003,92,4544.17,418063.61,315000,11346.96,8.54
2024-07,North,Bulk Pack,REP015,12,7038.66,84463.91,328000,5782.04,12.45
2023-04,West,Trial Pack,REP014,99,757.76,75018.0,12800,3800.36,11.04
2024-09,East,Trial Pack,REP019,40,834.3,33372.09,8800,2431.15,9.37
2023-11,South,Standard Pack,REP003,91,2580.81,234853.28,87000,11726.67,6.14
2023-09,South,Trial Pack,REP012,90,867.14,78042.79,31200,3043.24,13.42
2024-05,South,Economy Pack,REP017,18,1608.76,28957.66,112500,1467.52,3.87
2024-10,East,Bulk Pack,REP013,91,8439.64,768007.35,632000,56175.06,1.77
2023-04,North,Standard Pack,REP017,41,3136.28,128587.41,108000,9258.49,13.11
2023-08,South,Bulk Pack,REP013,57,7220.89,411590.79,432000,27596.57,6.07
2024-02,South,Bulk Pack,REP011,69,6998.72,482911.46,360000,29785.44,1.02
2023-11,East,Bulk Pack,REP017,63,7513.09,473324.8,504000,18026.12,9.96
2024-10,Central,Premium Pack,REP004,24,4493.02,107832.5,355000,8240.44,2.32
2023-09,South,Standard Pack,REP009,77,2866.39,220711.73,30000,8748.86,10.33
2023-10,North,Economy Pack,REP003,48,1710.46,82102.31,31500,2370.94,1.37
2024-05,Central,Premium Pack,REP010,61,4919.01,300059.53,280000,2081.34,14.37
2024-07,Central,Premium Pack,REP005,84,5523.79,463998.65,170000,33532.77,9.7
2023-09,Central,Standard Pack,REP015,36,3185.02,114660.64,78000,1656.39,8.52
2023-07,Central,Premium Pack,REP019,52,4422.92,229992.0,340000,17373.9,7.11
2024-08,East,Standard Pack,REP010,21,3135.15,65838.16,99000,1211.47,1.81
2023-02,East,Trial Pack,REP011,44,785.85,34577.3,38400,872.15,8.09
2024-10,North,Trial Pack,REP018,37,892.63,33027.48,40800,2316.32,6.26
2023-03,South,Standard Pack,REP013,17,2895.57,49224.65,144000,37.35,0.79
2024-05,Central,Trial Pack,REP012,61,819.38,49982.29,15200,366.67,5.05
2024-08,Central,Premium Pack,REP017,7,4950.97,34656.76,195000,2364.48,10.73
2023-05,North,Premium Pack,REP014,83,4891.66,406007.76,290000,12720.39,1.87
2023-05,Central,Trial Pack,REP011,74,915.76,67766.19,57600,5121.67,7.01
2024-01,South,Premium Pack,REP007,56,4347.48,243458.86,145000,16318.09,3.46
2024-07,Central,Standard Pack,REP011,61,2748.44,167654.69,36000,11081.38,12.01
2024-10,North,Premium Pack,REP003,24,5742.36,137816.68,350000,2869.16,7.73
2024-06,North,Economy Pack,REP003,17,1375.72,23387.2,115500,1085.33,1.37
2023-09,East,Economy Pack,REP009,71,1705.04,121058.07,76500,7839.88,9.83
2023-05,East,Economy Pack,REP002,92,1388.69,127759.67,70500,2654.88,10.85
2024-06,Central,Bulk Pack,REP016,81,8946.75,724686.9,392000,51186.45,7.74
2024-07,South,Economy Pack,REP008,44,1529.58,67301.49,63000,4730.65,11.96
2023-08,West,Premium Pack,REP016,45,4751.01,213795.6,270000,11929.31,10.2
2023-06,West,Trial Pack,REP011,49,889.24,43572.88,32000,2878.66,1.93
2023-11,Central,Standard Pack,REP004,6,3298.92,19793.52,63000,10.11,4.31
2024-02,East,Premium Pack,REP009,21,4423.77,92899.08,345000,67.43,12.28
2024-04,East,Standard Pack,REP009,67,2902.94,194496.72,138000,1595.02,14.06
2023-04,South,Bulk Pack,REP017,16,6961.64,111386.26,152000,4219.97,0.87
2024-12,East,Standard Pack,REP018,18,3426.14,61670.52,114000,2200.2,9.71
2024-08,Central,Bulk Pack,REP007,33,6853.1,226152.19,120000,6727.28,12.28
2023-11,South,Standard Pack,REP002,50,2971.69,148584.27,39000,5065.91,6.77
2023-07,Central,Trial Pack,REP011,36,699.77,25191.77,24800,264.69,13.02
2023-12,West,Trial Pack,REP015,84,885.77,74404.38,12000,4524.35,6.63
2023-01,South,Bulk Pack,REP006,19,8590.01,163210.17,352000,406.51,9.78
2023-12,South,Bulk Pack,REP016,31,9123.66,282833.59,440000,4609.08,1.37
2023-08,East,Standard Pack,REP020,75,3113.6,233519.87,219000,5495.53,13.68
2023-03,West,Premium Pack,REP014,75,4437.78,332833.4,90000,5339.31,7.37
2024-10,Central,Trial Pack,REP002,92,783.98,72126.09,58400,2626.66,0.17
2024-06,South,Economy Pack,REP013,93,1662.06,154571.12,75000,489.91,7.21
2024-12,North,Premium Pack,REP012,50,4463.74,223187.17,315000,11037.15,10.54
2023-10,South,Bulk Pack,REP001,6,8082.18,48493.09,312000,128.81,1.18
2024-10,South,Standard Pack,REP014,19,2730.14,51872.57,159000,433.94,9.55
2023-03,East,Premium Pack,REP006,77,4327.96,333252.68,205000,7967.03,14.03
2023-08,South,Bulk Pack,REP020,66,8269.42,545781.66,128000,28853.08,8.3
2023-06,South,Standard Pack,REP003,45,2697.6,121391.98,69000,792.74,0.91
2024-11,West,Trial Pack,REP013,23,914.21,21026.78,43200,306.35,11.85
2024-11,East,Bulk Pack,REP018,74,8526.08,630930.24,248000,16773.39,8.14
2023-03,West,Standard Pack,REP019,39,2748.51,107191.7,189000,262.86,3.87
2023-12,North,Trial Pack,REP020,41,763.02,31284.0,23200,1263.49,8.15
2024-07,North,Bulk Pack,REP002,70,8234.54,576417.56,360000,19446.99,4.15
2024-07,South,Trial Pack,REP012,7,829.51,5806.58,39200,388.34,3.54
2023-08,West,Standard Pack,REP012,18,3424.26,61636.6,138000,4212.91,7.38
2024-10,West,Trial Pack,REP015,18,803.56,14464.01,8800,110.23,9.78
2023-02,East,Trial Pack,REP005,69,865.63,59728.71,52000,1895.36,3.56
2023-11,South,Economy Pack,REP014,84,1508.9,126747.46,28500,6787.48,2.19
2023-05,West,Economy Pack,REP012,5,1388.64,6943.19,55500,20.37,11.05
2023-05,West,Trial Pack,REP017,48,787.13,37782.17,12000,622.17,1.68
2024-06,South,Premium Pack,REP005,24,4327.55,103861.09,50000,1014.6,6.78
2024-09,East,Trial Pack,REP001,55,689.98,37948.76,23200,2995.31,14.48
2023-11,South,Premium Pack,REP018,33,5551.88,183211.96,325000,7557.07,7.33
2023-12,West,Trial Pack,REP020,84,905.56,76066.77,13600,5902.25,1.41
2023-08,Central,Trial Pack,REP015,90,741.27,66714.62,59200,4473.16,14.17
2023-10,South,Standard Pack,REP017,30,3332.01,99960.43,165000,7346.51,9.01
2024-04,Central,Trial Pack,REP009,94,763.66,71783.82,60000,5739.34,0.72
2023-09,North,Premium Pack,REP016,17,5423.58,92200.83,200000,5446.85,13.18
2023-06,West,Economy Pack,REP006,86,1670.05,143624.39,48000,5004.83,12.27
2024-12,North,Trial Pack,REP015,69,767.95,52988.6,19200,2948.15,5.83
2023-01,North,Premium Pack,REP003,48,4272.0,205056.03,100000,9899.26,10.02
2023-10,South,Premium Pack,REP003,89,5545.0,493505.04,285000,33446.51,13.71
2023-12,Central,Standard Pack,REP016,41,2771.46,113629.97,72000,3584.94,8.24
2024-02,South,Bulk Pack,REP011,25,7269.87,181746.68,448000,1036.4,14.32
2023-04,East,Economy Pack,REP015,72,1695.5,122075.73,42000,990.48,7.29
2024-04,Central,Bulk Pack,REP014,31,9031.05,279962.68,296000,12075.6,4.67
2023-04,South,Standard Pack,REP017,81,2922.19,236697.73,48000,12897.52,2.72
2024-01,North,Standard Pack,REP010,60,3416.63,204998.05,231000,1427.43,12.24
2023-12,Central,Standard Pack,REP015,17,3091.45,52554.66,90000,3717.53,3.42
2023-09,South,Standard Pack,REP010,76,3242.95,246464.22,174000,4670.41,11.71
2024-06,East,Bulk Pack,REP007,78,8742.87,681944.01,224000,34034.97,6.78
2024-06,Central,Premium Pack,REP003,37,4575.11,169279.06,155000,320.12,9.63
2023-07,East,Standard Pack,REP009,82,3118.81,255742.74,198000,10163.56,14.82
2023-03,Central,Standard Pack,REP003,46,2935.38,135027.46,144000,7826.37,0.24
2024-12,West,Economy Pack,REP004,94,1426.75,134114.71,61500,2941.52,1.19
2023-08,Central,Premium Pack,REP004,7,4851.78,33962.47,395000,964.52,1.04
2024-05,West,Standard Pack,REP005,48,2760.34,132496.36,90000,2874.08,8.89
2023-03,West,Trial Pack,REP003,90,840.68,75660.92,42400,4006.03,8.37
2023-02,West,Bulk Pack,REP004,73,7220.73,527113.08,320000,31830.79,2.56
2023-10,North,Bulk Pack,REP017,20,8395.79,167915.76,96000,12455.02,3.52
2024-07,Central,Bulk Pack,REP008,69,8820.88,608640.71,240000,4524.84,3.86
2023-08,North,Trial Pack,REP016,80,867.69,69414.94,18400,653.33,3.41
2024-01,South,Premium Pack,REP002,95,4608.58,437815.38,370000,10701.06,5.95
2024-11,South,Bulk Pack,REP018,59,7188.23,424105.81,248000,16861.21,14.88
2023-05,West,Standard Pack,REP012,53,2654.73,140700.68,162000,4284.32,13.17
2024-02,East,Bulk Pack,REP014,77,7574.07,583203.17,352000,8096.0,10.42
2024-06,West,Standard Pack,REP010,29,3067.65,88961.76,189000,2232.78,9.1
2023-01,Central,Bulk Pack,REP003,45,8780.48,395121.68,176000,11617.67,1.02
2023-02,West,Premium Pack,REP015,72,4369.95,314636.26,105000,24310.61,6.49
2024-01,West,Standard Pack,REP006,36,2744.43,98799.64,33000,5139.17,2.28
2024-07,Central,Economy Pack,REP002,14,1370.29,19184.06,30000,1157.57,9.29
2024-03,North,Economy Pack,REP009,25,1329.62,33240.58,106500,705.73,2.67
2024-04,West,Premium Pack,REP004,8,5745.05,45960.36,130000,855.4,3.31
2024-08,West,Bulk Pack,REP006,54,7113.7,384140.06,576000,13822.42,2.92
2023-07,East,Bulk Pack,REP014,75,8560.67,642050.59,112000,566.61,6.24
2024-09,Central,Standard Pack,REP007,9,2743.68,24693.14,186000,1583.4,14.39
2023-04,North,Economy Pack,REP017,64,1565.74,100207.4,45000,6768.87,1.47
2023-04,South,Bulk Pack,REP016,86,7942.44,683050.14,488000,46970.09,5.89
2023-10,Central,Premium Pack,REP009,68,5430.36,369264.15,90000,27852.3,12.13
2024-04,Central,Premium Pack,REP010,62,4629.59,287034.43,150000,18947.31,7.43
2023-08,East,Premium Pack,REP015,21,4349.98,91349.54,270000,1097.43,11.06
2023-01,Central,Trial Pack,REP008,91,851.92,77524.5,48000,441.93,0.18
2023-05,West,Trial Pack,REP008,62,790.87,49033.77,16000,3807.96,14.13
2024-07,West,Economy Pack,REP011,62,1319.28,81795.24,25500,1734.36,0.31
2024-04,West,Premium Pack,REP008,29,5713.99,165705.6,295000,138.23,3.83
2023-04,North,Premium Pack,REP018,14,5448.07,76273.0,105000,2894.32,1.71
2024-01,Central,Bulk Pack,REP002,15,6904.97,103574.48,208000,7690.06,3.37
2023-08,East,Bulk Pack,REP018,26,7457.1,193884.58,424000,3062.92,13.3
2024-12,Central,Economy Pack,REP007,16,1688.52,27016.27,40500,1374.74,3.32
2023-08,West,Economy Pack,REP011,93,1696.82,157804.69,57000,9189.88,1.62
2024-09,West,Economy Pack,REP018,99,1494.78,147982.96,48000,9952.78,10.99
2023-11,Central,Trial Pack,REP001,60,826.87,49611.94,22400,601.57,1.41
2023-12,North,Trial Pack,REP015,12,790.77,9489.29,20000,616.24,11.13
2023-03,North,Bulk Pack,REP008,68,8720.17,592971.58,152000,35215.3,12.23
2023-02,North,Trial Pack,REP009,40,681.26,27250.2,53600,76.98,11.19
2024-02,North,Standard Pack,REP020,79,3230.64,255220.42,237000,17899.13,14.95
2023-04,Central,Bulk Pack,REP020,14,8926.87,124976.18,280000,3914.51,6.19
2023-08,Central,Standard Pack,REP006,50,2869.94,143497.19,198000,4450.41,6.03
2023-07,West,Trial Pack,REP014,7,695.56,4868.95,53600,218.71,8.41
2024-12,South,Standard Pack,REP019,35,2570.64,89972.38,84000,3586.34,1.16
2024-10,Central,Bulk Pack,REP006,35,8780.31,307310.98,224000,10822.24,2.21
2024-11,North,Premium Pack,REP018,67,4580.92,306921.5,280000,24513.15,14.0
2024-01,North,Premium Pack,REP006,8,4994.25,39954.0,280000,378.24,6.15
2024-02,West,Economy Pack,REP007,13,1702.64,22134.33,117000,326.66,5.43
2024-06,East,Trial Pack,REP011,98,879.61,86201.51,63200,3572.73,4.48
2024-09,East,Standard Pack,REP003,50,2752.99,137649.36,234000,9271.33,2.79
2024-05,Central,Standard Pack,REP005,74,3118.05,230735.97,144000,9164.12,6.55
2023-04,North,Bulk Pack,REP012,64,7757.21,496461.21,264000,18748.78,0.2
2024-12,West,Standard Pack,REP007,39,2798.05,109123.99,69000,2178.52,4.08
2024-10,South,Premium Pack,REP013,74,4348.05,321755.64,270000,21958.91,0.7
2024-06,South,Economy Pack,REP004,54,1459.99,78839.62,24000,545.09,3.55
2024-12,East,Bulk Pack,REP015,52,9048.37,470515.44,408000,31161.99,11.82
2024-02,North,Trial Pack,REP018,73,837.0,61101.14,36800,2763.39,6.96
2024-09,West,Premium Pack,REP009,37,4476.87,165644.2,385000,5539.01,1.33
2024-10,North,Premium Pack,REP002,32,5334.22,170695.09,250000,10811.14,8.23
2023-02,South,Premium Pack,REP010,89,4461.44,397068.11,155000,26999.85,10.04
2023-02,East,Trial Pack,REP007,90,749.74,67476.69,39200,604.25,5.34
2023-03,East,Premium Pack,REP007,25,4497.06,112426.49,385000,6806.31,7.79
2024-12,Central,Bulk Pack,REP014,31,9071.93,281229.86,392000,22160.68,11.58
2023-02,North,Economy Pack,REP008,48,1517.42,72835.96,22500,2167.21,6.78
2024-06,East,Economy Pack,REP005,55,1363.02,74966.33,31500,3138.57,4.31
2023-09,West,Trial Pack,REP008,59,834.24,49220.27,19200,3603.28,8.0
2023-10,West,Bulk Pack,REP006,16,7198.48,115175.72,96000,3345.63,13.46
2023-11,North,Bulk Pack,REP001,12,8945.58,107346.9,456000,1306.23,6.6
2023-06,East,Premium Pack,REP012,15,5007.81,75117.15,125000,5939.76,7.28
2024-09,Central,Trial Pack,REP002,8,919.3,7354.39,54400,95.45,0.19
2023-03,North,Bulk Pack,REP020,38,7303.41,277529.47,112000,21613.05,5.05
2023-09,West,Standard Pack,REP006,87,3233.62,281325.3,60000,20284.59,9.78
2023-09,Central,Standard Pack,REP003,80,2851.69,228134.98,90000,2061.3,1.31
2023-01,Central,Economy Pack,REP020,38,1431.57,54399.8,84000,832.36,9.21
2024-11,North,Trial Pack,REP012,15,882.5,13237.45,35200,32.95,11.09
2023-02,South,Economy Pack,REP008,32,1581.75,50616.04,118500,3465.12,3.41
2023-08,East,Bulk Pack,REP015,42,7664.91,321926.08,240000,854.76,4.56
2024-02,West,Bulk Pack,REP012,21,8638.56,181409.66,120000,9734.19,8.41
2023-02,West,Trial Pack,REP008,66,771.3,50905.54,31200,3267.54,7.19
2024-05,North,Standard Pack,REP006,91,2664.71,242488.48,180000,16024.4,10.49
2024-08,Central,Premium Pack,REP019,51,4924.76,251162.93,235000,2416.13,1.03
2024-05,North,Premium Pack,REP020,93,5486.8,510272.61,310000,12133.78,4.5
2023-09,West,Economy Pack,REP004,96,1658.52,159217.8,75000,12597.67,9.39
2024-04,Central,Premium Pack,REP016,34,4893.77,166388.31,100000,13250.33,12.84
2024-09,Central,Bulk Pack,REP005,71,7972.1,566019.04,560000,1478.25,13.03
2023-02,North,Trial Pack,REP015,44,756.07,33266.96,44000,2059.57,9.03
2024-08,Central,Trial Pack,REP019,42,822.01,34524.31,30400,1766.56,10.15
2023-04,West,Trial Pack,REP003,90,743.04,66873.79,34400,2529.95,14.76
2023-08,North,Standard Pack,REP017,65,2975.24,193390.86,108000,2166.35,4.15
2023-01,North,Trial Pack,REP013,44,792.74,34880.49,45600,783.23,3.1
2024-01,Central,Premium Pack,REP014,66,5499.98,362998.39,145000,3137.05,5.08
2024-09,Central,Premium Pack,REP010,58,5647.63,327562.57,90000,21401.16,4.27
2024-05,Central,Economy Pack,REP007,59,1668.4,98435.61,33000,5318.83,0.67
2023-11,Central,Trial Pack,REP001,44,781.24,34374.51,56000,1963.56,9.12
2024-04,North,Trial Pack,REP007,96,877.09,84200.41,13600,5812.39,0.03
2024-01,North,Bulk Pack,REP018,22,7074.77,155644.95,336000,5680.87,5.54
2024-07,West,Bulk Pack,REP017,80,6992.43,559394.56,192000,33557.0,6.19
2023-09,South,Standard Pack,REP019,79,3088.82,244017.03,69000,12417.46,13.7
2023-07,West,Economy Pack,REP020,74,1329.25,98364.6,16500,4170.59,12.44
2023-08,South,Premium Pack,REP009,16,4692.56,75080.98,370000,506.9,5.99
2023-05,Central,Premium Pack,REP006,32,4831.09,154594.84,135000,4995.24,1.16
2023-09,Central,Standard Pack,REP012,36,3290.18,118446.48,111000,5488.97,11.39
2024-11,East,Standard Pack,REP004,37,3023.23,111859.56,129000,1493.19,6.46
2023-04,Central,Premium Pack,REP001,51,4481.69,228566.17,190000,9457.87,5.68
2023-03,East,Economy Pack,REP011,53,1320.57,69990.05,109500,3391.88,5.47
2024-08,West,Premium Pack,REP004,54,4978.38,268832.77,340000,11439.65,2.04
2024-02,East,Economy Pack,REP010,55,1285.51,70702.96,102000,831.82,7.32
2023-10,Central,Standard Pack,REP005,46,2887.32,132816.87,132000,9439.6,9.04
2023-09,North,Trial Pack,REP013,63,910.67,57372.37,20800,1769.42,5.11
2023-04,Central,Trial Pack,REP009,53,807.74,42810.32,49600,2855.11,6.61
2023-10,South,Trial Pack,REP019,89,762.19,67834.69,24000,5244.53,8.37
2024-07,North,Bulk Pack,REP003,17,8302.96,141150.36,160000,2340.94,11.74
2023-03,West,Standard Pack,REP008,90,3062.44,275619.57,84000,4438.84,5.93
2023-05,North,Trial Pack,REP004,23,711.77,16370.7,16000,462.91,6.88
2024-10,Central,Economy Pack,REP007,96,1300.98,124894.41,97500,2755.35,13.16
2023-12,North,Economy Pack,REP019,30,1716.44,51493.33,91500,3557.35,8.83
2023-04,East,Premium Pack,REP015,31,5016.91,155524.31,300000,11128.73,6.84
2024-07,West,Trial Pack,REP003,52,919.07,47791.61,43200,1679.01,12.7
2023-08,East,Economy Pack,REP005,17,1712.19,29107.23,105000,2157.15,0.29
2024-10,Central,Economy Pack,REP003,58,1512.25,87710.6,109500,2100.81,5.38
2023-02,North,Economy Pack,REP015,39,1724.02,67236.76,25500,5350.16,1.35
2023-07,East,Premium Pack,REP004,29,5199.36,150781.43,120000,1723.13,11.3
2023-05,West,Premium Pack,REP001,40,5300.05,212002.06,360000,1502.75,7.31
2024-02,West,Economy Pack,REP003,76,1324.95,100696.13,103500,4648.46,10.47
2024-01,Central,Economy Pack,REP006,20,1581.79,31635.74,39000,1267.01,11.92
2024-04,West,Standard Pack,REP002,94,2912.59,273783.08,120000,5089.83,4.22
2023-08,East,Trial Pack,REP007,57,882.14,50281.72,20800,2576.34,14.68
2024-09,East,Trial Pack,REP019,61,862.31,52600.71,32000,3739.53,7.55
2023-10,South,Bulk Pack,REP008,58,6972.26,404391.19,328000,17025.79,6.95
2024-02,West,Trial Pack,REP015,26,815.19,21194.92,10400,242.26,11.63
2024-06,West,Standard Pack,REP018,79,2794.39,220757.0,174000,5608.76,0.0
2024-06,North,Standard Pack,REP008,45,2856.33,128535.02,159000,7618.57,4.74
2023-11,North,Premium Pack,REP011,23,5097.48,117241.96,215000,2939.0,11.83
2024-03,East,Trial Pack,REP019,53,770.56,40839.43,52000,3149.79,1.34
2024-11,South,Trial Pack,REP001,64,831.85,53238.45,51200,18.58,2.5
2024-09,East,Trial Pack,REP005,37,746.83,27632.54,16000,2101.78,10.54
2023-09,Central,Bulk Pack,REP019,87,8345.96,726098.36,408000,6088.08,7.48
2023-07,West,Premium Pack,REP003,51,4416.47,225239.78,110000,7505.07,12.33
2023-02,North,Premium Pack,REP006,79,5345.74,422313.82,270000,1214.19,5.92
2023-08,West,Standard Pack,REP003,32,3427.13,109668.24,159000,3466.67,10.7
2024-10,North,Bulk Pack,REP011,17,6939.42,117970.15,504000,4868.5,4.01
2024-09,South,Trial Pack,REP005,28,881.18,24673.14,18400,816.47,7.39
2024-03,North,Bulk Pack,REP020,28,8539.66,239110.36,272000,18430.61,7.79
2023-06,North,Bulk Pack,REP016,51,7327.53,373704.17,536000,25625.03,8.63
2023-10,East,Premium Pack,REP002,41,4648.37,190583.34,170000,11787.84,7.77
2024-08,North,Bulk Pack,REP016,84,7519.52,631639.79,128000,44429.8,10.13
2023-11,North,Premium Pack,REP008,49,4847.01,237503.39,65000,17089.89,10.65
2023-02,South,Bulk Pack,REP013,83,6943.32,576295.52,424000,2666.84,14.37
2023-09,Central,Bulk Pack,REP018,79,9110.64,719740.88,296000,44734.95,3.07
2023-12,South,Premium Pack,REP010,49,4664.36,228553.44,310000,9640.66,13.6
2023-11,East,Premium Pack,REP017,51,5626.23,286937.67,315000,10788.59,13.35
2023-09,South,Standard Pack,REP017,9,2997.58,26978.23,189000,897.06,4.53
2023-02,Central,Standard Pack,REP014,73,3108.82,226943.69,213000,14650.86,6.89
2023-10,Central,Economy Pack,REP006,97,1491.6,144685.2,63000,1585.74,14.92
2024-06,East,Bulk Pack,REP012,74,7061.34,522539.45,616000,39772.77,14.92
2023-12,East,Trial Pack,REP018,23,722.26,16612.05,28000,18.86,12.44
2023-02,North,Economy Pack,REP011,84,1714.79,144042.24,25500,1863.0,7.15
2023-04,North,Economy Pack,REP007,85,1348.21,114598.27,79500,110.96,0.14
2023-05,West,Bulk Pack,REP010,47,6910.54,324795.2,408000,8358.15,12.72
2023-08,East,Trial Pack,REP003,17,680.11,11561.81,14400,142.26,14.85
2023-02,East,Premium Pack,REP007,71,4838.69,343546.8,220000,1585.89,6.67
2024-02,North,Standard Pack,REP013,97,3057.67,296593.66,231000,20103.63,13.53
2024-01,West,Bulk Pack,REP010,63,7330.05,461792.94,112000,1330.66,2.63
2023-02,Central,Premium Pack,REP004,73,5328.74,388998.01,325000,18052.27,7.75
2024-07,East,Trial Pack,REP007,51,896.9,45741.99,28000,3266.19,6.29
2023-04,South,Bulk Pack,REP015,97,7412.74,719035.95,224000,34157.23,0.49
2024-02,North,Economy Pack,REP004,19,1670.77,31744.7,15000,1039.73,12.16
2023-08,Central,Bulk Pack,REP002,97,8650.69,839117.39,104000,10176.49,13.14
2024-11,Central,Bulk Pack,REP013,73,7740.38,565047.56,496000,34605.63,0.0
2024-10,Central,Premium Pack,REP010,44,4589.19,201924.27,235000,163.0,6.56
2024-07,West,Bulk Pack,REP012,42,8556.14,359357.85,360000,21328.5,12.73
2024-11,South,Standard Pack,REP005,29,2777.53,80548.44,180000,1170.3,5.56
2024-03,West,Trial Pack,REP008,20,698.83,13976.59,32000,842.88,0.31
2023-02,North,Premium Pack,REP011,14,4972.8,69619.22,130000,3350.38,4.45
2024-09,Central,Premium Pack,REP001,67,5013.34,335893.5,225000,26130.36,6.73
2023-02,East,Premium Pack,REP015,27,4437.69,119817.57,330000,2627.09,12.11
2023-09,Central,Bulk Pack,REP020,7,7085.3,49597.09,464000,2884.79,8.43
2024-11,North,Premium Pack,REP003,94,4494.55,422487.98,205000,13088.25,13.6
2024-05,East,Economy Pack,REP020,39,1280.14,49925.39,100500,2459.97,12.65
2024-11,West,Economy Pack,REP019,10,1520.89,15208.94,87000,657.92,6.44
2023-05,East,Trial Pack,REP016,68,851.46,57899.18,22400,1836.81,1.98
2023-10,North,Bulk Pack,REP004,48,7496.11,359813.25,248000,19363.8,11.95
2023-07,East,Standard Pack,REP016,87,3115.19,271021.88,63000,6236.38,4.6
2023-12,North,Premium Pack,REP005,61,5566.98,339585.58,390000,1856.94,11.76
2024-06,North,Economy Pack,REP005,70,1367.43,95720.14,72000,7232.22,9.63
2024-10,East,Trial Pack,REP020,33,758.06,25016.01,57600,864.59,14.71
2023-10,North,Standard Pack,REP006,62,2651.97,164422.34,213000,7306.87,2.85
2024-08,North,Premium Pack,REP017,80,4361.06,348885.07,60000,5731.01,7.25
2024-04,South,Bulk Pack,REP010,42,9124.49,383228.56,416000,18252.71,2.58
2024-03,West,Economy Pack,REP009,58,1588.11,92110.31,42000,4595.56,9.73
2024-09,South,Economy Pack,REP006,83,1528.65,126877.7,85500,5923.23,7.89
2023-02,Central,Bulk Pack,REP001,87,7054.17,613713.13,152000,30060.07,3.2
2024-07,Central,Economy Pack,REP004,34,1581.05,53755.71,55500,2698.48,5.78
2023-07,North,Premium Pack,REP004,87,5686.37,494714.32,225000,28722.16,9.26
2023-06,North,Standard Pack,REP018,31,2940.22,91146.96,132000,6490.08,1.26
2024-03,West,Trial Pack,REP009,31,682.17,21147.36,20800,925.2,10.06
2024-06,West,Trial Pack,REP008,43,727.82,31296.47,25600,125.23,13.67
2023-01,North,Trial Pack,REP011,52,898.68,46731.38,56000,1588.01,3.23
2023-01,East,Standard Pack,REP016,14,3346.47,46850.55,84000,1849.66,4.25
2024-12,East,Standard Pack,REP006,69,2778.02,191683.48,51000,1049.79,5.57
2023-09,Central,Economy Pack,REP007,64,1440.8,92211.33,94500,6342.84,0.53
2024-09,South,Trial Pack,REP011,64,880.07,56324.76,39200,1994.1,9.74
2023-05,West,Standard Pack,REP002,67,2813.14,188480.7,60000,9029.66,3.02
2024-10,Central,Economy Pack,REP004,96,1322.43,126952.99,96000,7240.99,0.17
2023-01,Central,Trial Pack,REP005,78,906.21,70684.19,60800,4603.66,10.28
2023-03,West,Trial Pack,REP001,72,901.89,64936.42,28800,2675.41,8.03
2024-09,Central,Standard Pack,REP020,92,3260.36,299953.45,192000,5184.64,12.14
2023-05,West,Standard Pack,REP017,62,3397.01,210614.54,210000,6617.18,8.3
2023-03,North,Trial Pack,REP010,91,881.1,80179.92,60800,2658.87,0.2
2023-09,Central,Trial Pack,REP013,36,846.55,30475.72,25600,1047.41,11.11
2024-09,South,Trial Pack,REP006,22,751.23,16527.03,33600,456.45,6.21
2023-10,East,Standard Pack,REP010,40,2656.57,106262.94,111000,2643.84,2.5
2024-03,East,Bulk Pack,REP008,13,7797.86,101372.18,568000,7067.41,10.18
2023-08,South,Premium Pack,REP018,17,5555.79,94448.44,215000,167.3,14.18
2024-04,North,Trial Pack,REP007,92,846.1,77840.99,17600,2440.22,13.44
2023-07,South,Premium Pack,REP007,57,5414.73,308639.84,355000,19574.14,1.04
2023-03,Central,Trial Pack,REP011,36,851.51,30654.5,20000,24.47,10.85
2024-12,North,Trial Pack,REP016,45,796.42,35839.02,48000,818.59,7.97
2024-07,East,Standard Pack,REP009,49,2985.91,146309.59,60000,886.05,5.82
2023-08,South,Economy Pack,REP016,70,1305.14,91359.67,46500,3502.8,2.73
2023-08,West,Bulk Pack,REP020,61,9156.1,558521.95,600000,22938.19,14.84
2024-08,Central,Economy Pack,REP010,97,1475.87,143159.79,18000,4014.44,5.59
2024-11,West,Economy Pack,REP020,79,1570.53,124071.73,58500,2160.51,9.93
2024-05,North,Bulk Pack,REP002,65,7048.83,458173.86,456000,2436.14,11.5
2023-05,Central,Standard Pack,REP020,85,2563.17,217869.06,219000,12431.36,5.8
2023-09,West,Trial Pack,REP017,20,862.09,17241.83,9600,597.48,11.61
2023-10,Central,Trial Pack,REP010,80,793.74,63499.29,17600,3620.87,5.79
2023-08,East,Premium Pack,REP008,63,5542.27,349163.05,95000,14163.72,2.82
2024-05,South,Standard Pack,REP018,16,2949.47,47191.57,96000,2489.87,11.94
2023-06,North,Economy Pack,REP006,71,1561.37,110857.16,15000,4689.03,12.39
2024-09,South,Trial Pack,REP004,11,743.51,8178.64,49600,533.21,11.67
2024-11,West,Standard Pack,REP005,88,2881.51,253573.1,111000,4406.71,6.96
2024-10,Central,Trial Pack,REP003,83,813.76,67542.16,44000,3603.22,4.85
2024-12,East,Trial Pack,REP007,81,878.1,71126.08,8800,4256.21,12.19
2023-06,East,Bulk Pack,REP012,47,9040.57,424906.82,560000,29166.4,14.96
2023-03,Central,Trial Pack,REP017,39,685.38,26729.91,54400,1815.88,6.09
2024-04,Central,Economy Pack,REP006,35,1618.96,56663.57,87000,3455.58,0.58
2024-03,East,Standard Pack,REP003,7,3112.15,21785.07,57000,680.73,1.04
2024-07,East,Standard Pack,REP010,65,2900.31,188519.98,87000,8588.74,13.03
2023-11,South,Bulk Pack,REP005,67,7307.93,489631.05,480000,17354.85,7.41
2024-10,North,Standard Pack,REP020,42,3083.84,129521.38,123000,4712.14,10.12
2024-11,South,Economy Pack,REP012,9,1299.48,11695.28,102000,652.26,9.73
2023-10,East,Premium Pack,REP007,8,4870.74,38965.93,155000,1418.9,10.02
2024-02,South,Bulk Pack,REP018,37,8263.27,305741.13,416000,11094.22,6.82
2024-08,East,Bulk Pack,REP013,81,8202.8,664426.76,464000,14724.36,13.82
2023-11,West,Economy Pack,REP020,12,1304.94,15659.25,58500,1147.1,9.24
2024-11,East,Trial Pack,REP015,60,727.2,43631.81,49600,2792.69,13.27
2023-09,East,Economy Pack,REP020,41,1678.81,68831.4,99000,2560.58,12.71
2024-02,West,Bulk Pack,REP007,57,9140.82,521026.94,464000,27898.23,13.38
2024-07,East,Standard Pack,REP018,75,2739.71,205478.53,129000,7807.38,0.83
2024-12,South,Bulk Pack,REP015,88,9135.38,803913.82,392000,7359.45,0.13
2024-11,East,Trial Pack,REP010,43,767.74,33012.95,36000,1780.04,0.94
2023-05,South,Bulk Pack,REP018,68,6983.55,474881.53,248000,18407.85,4.54
2024-02,Central,Standard Pack,REP008,28,3111.6,87124.76,207000,3400.2,1.23
2024-11,South,Premium Pack,REP010,57,4877.91,278040.92,90000,4242.37,5.21
2024-06,East,Bulk Pack,REP008,21,8869.29,186255.03,192000,669.94,1.9
2024-01,North,Premium Pack,REP008,24,4273.73,102569.63,360000,4591.66,10.31
2023-07,North,Economy Pack,REP016,22,1330.45,29270.0,72000,1063.06,11.44
2023-08,Central,Trial Pack,REP017,10,816.25,8162.55,55200,319.73,9.67
2023-04,West,Premium Pack,REP013,36,4669.12,168088.46,360000,7676.63,2.78
2023-03,West,Economy Pack,REP013,84,1403.57,117899.75,70500,9148.33,8.57
2023-06,East,Standard Pack,REP003,63,2853.73,179785.13,204000,12155.21,11.94
2024-08,North,Premium Pack,REP020,26,5377.51,139815.37,270000,9738.63,11.89
2024-08,West,Trial Pack,REP017,58,743.69,43133.95,8000,1211.96,1.41
2023-08,South,Economy Pack,REP013,27,1406.16,37966.25,25500,2808.05,11.79
2024-01,Central,Premium Pack,REP016,6,5390.64,32343.82,130000,1821.82,14.03
2024-06,Central,Standard Pack,REP013,47,2577.42,121138.61,90000,440.48,9.7
2024-07,West,Premium Pack,REP020,78,5410.33,422005.67,310000,1696.23,0.52
2023-01,North,Bulk Pack,REP009,58,9191.36,533098.64,424000,1064.99,6.74
2023-09,West,Premium Pack,REP013,82,5622.45,461040.8,85000,10366.03,2.6
2023-01,East,Standard Pack,REP019,15,3061.62,45924.28,78000,774.4,8.35
2024-09,Central,Standard Pack,REP006,41,3224.48,132203.82,189000,925.94,4.24
2024-07,East,Premium Pack,REP019,70,5251.8,367626.13,185000,17566.42,9.8
2024-12,West,Standard Pack,REP006,41,3346.37,137201.15,231000,3846.17,13.69
2023-04,South,Trial Pack,REP020,62,851.85,52814.82,55200,4183.39,4.68
2023-03,East,Bulk Pack,REP001,46,7624.13,350709.89,392000,15178.81,14.77
2024-12,South,Bulk Pack,REP006,31,7021.67,217671.62,200000,12366.06,4.09
2024-11,Central,Premium Pack,REP002,71,4619.99,328019.14,175000,16991.82,4.1
2024-07,East,Trial Pack,REP003,62,905.97,56170.01,19200,2077.8,12.97
2023-12,South,Standard Pack,REP018,88,3231.72,284391.18,39000,7141.13,10.37
2023-01,North,Standard Pack,REP003,25,2936.96,73424.05,174000,4831.27,2.6
2023-01,West,Trial Pack,REP015,56,856.13,47943.39,27200,630.57,1.75
2023-05,North,Economy Pack,REP016,51,1281.83,65373.31,40500,553.6,13.1
2023-08,East,Standard Pack,REP010,93,3398.39,316050.57,210000,19721.26,1.48
2024-09,Central,Economy Pack,REP013,97,1376.82,133551.91,102000,6355.44,11.08
2024-07,East,Bulk Pack,REP012,80,8895.46,711636.9,576000,31952.82,3.69
2023-09,South,Trial Pack,REP015,38,692.08,26299.19,48800,57.33,7.85
2024-10,Central,Premium Pack,REP001,67,5283.14,353970.64,255000,23321.06,12.31
2023-06,East,Trial Pack,REP016,12,717.99,8615.92,20800,226.21,3.14
2024-05,North,Trial Pack,REP006,39,733.1,28590.79,56000,1318.54,11.43
2024-01,North,Trial Pack,REP003,64,708.47,45342.37,53600,2480.65,7.97
2024-03,Central,Standard Pack,REP020,10,2695.1,26950.97,219000,1335.13,4.98
2024-02,Central,Bulk Pack,REP015,23,8656.57,199101.18,352000,1223.33,5.32
2023-04,East,Standard Pack,REP016,48,3283.2,157593.79,210000,5524.31,13.49
2024-06,North,Economy Pack,REP004,17,1514.25,25742.21,34500,572.71,3.25
2023-04,East,Bulk Pack,REP016,66,7175.08,473555.34,296000,19634.6,10.65
2023-03,East,Premium Pack,REP007,49,5504.75,269732.64,330000,6165.0,1.37
2023-06,South,Standard Pack,REP005,97,2908.41,282115.29,156000,20167.74,9.87
2023-06,South,Trial Pack,REP014,8,864.35,6914.81,12000,138.94,12.66
2023-08,South,Premium Pack,REP005,78,5109.56,398545.94,360000,8672.32,0.1
2024-05,West,Bulk Pack,REP017,45,7306.13,328775.71,328000,17651.13,12.08
2024-10,North,Bulk Pack,REP016,15,7890.57,118358.51,96000,9446.17,2.87
2024-02,North,Standard Pack,REP017,77,2713.06,208906.0,168000,7016.71,7.45
2024-11,North,Bulk Pack,REP002,29,8713.31,252685.89,536000,6884.07,12.07
2024-02,East,Bulk Pack,REP016,14,7361.15,103056.11,160000,6844.17,14.22
2023-07,North,Standard Pack,REP012,46,3384.22,155674.34,75000,7147.94,5.89
2024-09,East,Standard Pack,REP016,10,3253.45,32534.54,168000,645.16,10.47
2024-01,West,Standard Pack,REP015,76,3363.82,255650.24,165000,3976.85,1.4
2024-01,East,Premium Pack,REP017,40,5475.96,219038.32,390000,1575.61,2.9
2024-10,Central,Bulk Pack,REP005,34,7471.39,254027.27,184000,15291.8,0.77
2023-05,Central,Economy Pack,REP015,51,1513.47,77187.14,42000,1335.34,3.13
2023-05,East,Bulk Pack,REP020,29,7443.62,215864.94,360000,7040.92,1.88
2024-06,Central,Bulk Pack,REP013,23,8473.19,194883.44,176000,3843.41,14.64
2023-04,West,Bulk Pack,REP015,40,7093.07,283722.71,224000,14710.57,13.13
2024-03,North,Bulk Pack,REP009,36,8778.44,316023.88,112000,3951.99,11.07
2023-05,South,Bulk Pack,REP012,38,6872.05,261137.95,144000,3263.21,14.83
2024-07,South,Economy Pack,REP019,99,1485.46,147060.2,112500,5110.18,6.7
2023-02,West,Premium Pack,REP016,20,4552.29,91045.85,200000,5019.09,12.35
2024-11,Central,Bulk Pack,REP007,30,8056.64,241699.24,168000,776.12,13.35
2023-01,West,Trial Pack,REP010,75,740.73,55554.47,26400,2273.9,0.92
2023-11,South,Economy Pack,REP011,71,1420.95,100887.32,54000,4796.12,9.05
2024-04,South,Bulk Pack,REP020,42,7144.15,300054.25,152000,16619.51,3.5
2024-01,North,Standard Pack,REP015,41,3135.38,128550.69,93000,1254.73,10.52
2023-09,South,Standard Pack,REP002,16,2848.77,45580.39,57000,297.54,3.88
2024-08,West,Standard Pack,REP001,55,3043.33,167383.19,99000,6596.22,9.5
2024-02,South,Trial Pack,REP015,16,822.08,13153.34,26400,381.71,8.2
2023-05,South,Standard Pack,REP012,26,2678.95,69652.79,135000,5524.6,10.9
2024-04,Central,Bulk Pack,REP001,49,8431.12,413124.86,216000,19208.5,3.8
2024-01,East,Economy Pack,REP005,72,1421.62,102356.68,118500,5606.09,13.54
2024-11,Central,Bulk Pack,REP017,45,7905.61,355752.34,424000,18493.09,1.55
2024-08,East,Economy Pack,REP001,35,1420.23,49707.94,94500,366.24,12.23
2024-01,East,Bulk Pack,REP003,9,8034.71,72312.36,632000,4698.9,5.76
2023-02,Central,Trial Pack,REP008,5,755.58,3777.9,38400,298.4,6.66
2024-10,South,Economy Pack,REP020,50,1483.72,74185.82,100500,2827.73,4.77
2023-02,Central,Bulk Pack,REP006,12,7556.57,90678.9,480000,2645.43,11.08
2023-05,East,Bulk Pack,REP012,88,8481.47,746369.15,384000,52118.03,7.5
2023-06,East,Trial Pack,REP011,17,841.69,14308.7,52800,325.71,6.65
2024-09,Central,Economy Pack,REP019,76,1331.5,101193.8,76500,4238.51,4.23
2024-11,East,Trial Pack,REP009,24,836.46,20074.95,38400,1566.61,7.11
2024-11,East,Standard Pack,REP010,31,3389.29,105067.99,156000,2284.49,5.99
2024-08,North,Standard Pack,REP001,76,3074.82,233686.11,168000,6820.32,9.61
2023-04,North,Bulk Pack,REP006,16,7660.69,122571.07,368000,205.27,4.74
2024-01,North,Trial Pack,REP020,8,775.02,6200.2,46400,335.36,4.61
2024-10,North,Trial Pack,REP018,32,819.14,26212.34,52800,792.32,0.93
2024-07,North,Bulk Pack,REP014,82,6946.65,569625.4,208000,4845.79,1.71
2024-08,Central,Trial Pack,REP015,93,779.56,72498.91,44800,3575.23,6.86
2023-06,North,Standard Pack,REP007,26,2671.82,69467.32,150000,1003.21,3.94
2024-04,Central,Standard Pack,REP006,95,2854.28,271156.22,30000,3525.85,10.13
2023-04,North,Bulk Pack,REP011,94,7315.8,687685.17,472000,47968.13,8.65
2024-12,East,Bulk Pack,REP018,47,8158.04,383427.94,216000,5278.61,13.18
2023-03,East,Economy Pack,REP004,41,1311.28,53762.35,85500,1372.55,7.05
2023-09,West,Economy Pack,REP002,16,1647.89,26366.3,40500,647.5,2.93
2023-01,South,Standard Pack,REP013,10,3199.86,31998.59,99000,1037.84,7.74
2023-05,North,Standard Pack,REP001,78,3278.71,255739.19,108000,6993.9,13.11
2023-12,Central,Premium Pack,REP011,66,4777.31,315302.68,55000,16243.3,5.71
2024-10,South,Economy Pack,REP007,47,1481.7,69639.86,70500,1205.23,6.64
2023-11,West,Economy Pack,REP018,72,1433.9,103240.53,46500,1801.95,14.03
2023-10,North,Premium Pack,REP016,99,5061.67,501105.4,185000,16641.71,0.21
2024-05,North,Standard Pack,REP013,26,2603.63,67694.34,234000,4135.81,7.85
2023-10,East,Standard Pack,REP015,75,2947.65,221073.78,36000,3262.32,3.03
2024-03,East,Bulk Pack,REP015,42,8028.1,337180.11,224000,23833.64,4.06
2024-08,West,Economy Pack,REP003,49,1523.98,74675.06,37500,3381.4,13.17
2024-02,Central,Trial Pack,REP007,19,866.67,16466.82,40000,1189.25,7.87
2023-12,North,Standard Pack,REP011,84,3307.95,277867.7,195000,10038.04,14.05
2024-05,West,Standard Pack,REP014,82,2771.26,227243.54,96000,17988.7,10.26
2023-11,North,Standard Pack,REP013,47,3049.26,143315.16,81000,7709.09,2.55
2024-07,East,Premium Pack,REP008,88,5119.43,450509.72,385000,6382.18,1.48
2023-03,South,Trial Pack,REP013,73,703.27,51338.84,60000,2413.73,1.69
2024-03,West,Trial Pack,REP018,59,867.78,51199.15,35200,1330.86,10.31
2024-02,Central,Bulk Pack,REP009,69,7783.21,537041.83,256000,716.45,2.92
2023-12,West,Bulk Pack,REP001,23,8052.52,185208.01,488000,12837.48,0.89
2023-03,South,Economy Pack,REP008,84,1579.09,132643.78,94500,627.96,9.49
2023-03,West,Trial Pack,REP014,76,718.1,54575.36,28000,3960.17,14.87
2023-01,East,Economy Pack,REP011,27,1540.06,41581.59,40500,1914.73,2.42
2023-07,East,Trial Pack,REP012,86,696.6,59907.33,44800,120.77,5.32
2024-06,West,Economy Pack,REP006,95,1587.73,150834.25,99000,9608.06,11.03
2024-04,Central,Trial Pack,REP017,91,756.15,68809.95,20800,3820.42,2.74
2024-06,North,Economy Pack,REP006,10,1285.78,12857.76,34500,107.67,1.93
2024-09,East,Premium Pack,REP019,22,5321.62,117075.67,220000,8397.37,2.94
2024-01,North,Bulk Pack,REP011,93,7558.59,702948.54,224000,45460.8,9.17
2024-10,East,Premium Pack,REP001,46,4521.18,207974.18,215000,3014.33,11.86
2024-06,South,Premium Pack,REP013,10,5134.48,51344.8,395000,2527.89,1.22
2023-07,South,Standard Pack,REP020,22,2804.96,61709.03,72000,1912.74,12.95
2024-01,North,Standard Pack,REP004,85,2568.12,218290.55,183000,12346.78,9.94
2024-03,South,Standard Pack,REP013,8,3447.25,27578.04,210000,633.68,13.2
2024-04,North,Trial Pack,REP011,46,886.19,40764.59,17600,2200.94,3.59
2024-12,North,Bulk Pack,REP007,6,8433.15,50598.9,552000,848.81,14.65
2023-07,Central,Trial Pack,REP014,94,867.65,81559.46,32000,6300.56,5.9
2024-05,Central,Standard Pack,REP013,96,2736.14,262669.07,237000,7711.15,2.21
2023-11,West,Trial Pack,REP019,90,777.28,69955.03,56800,4384.15,13.64
2023-04,North,Bulk Pack,REP003,59,7143.59,421471.65,128000,862.16,11.82
2024-04,East,Standard Pack,REP016,87,3337.94,290400.76,216000,21517.66,13.07
2023-10,South,Bulk Pack,REP006,28,7034.02,196952.52,120000,10754.25,4.97
2024-05,East,Standard Pack,REP019,32,3272.16,104709.01,141000,43.05,6.68
2024-04,Central,Economy Pack,REP008,55,1700.59,93532.31,102000,6010.35,14.8
2023-08,West,Economy Pack,REP003,11,1597.86,17576.45,79500,273.54,12.31
2023-10,Central,Premium Pack,REP018,67,5330.58,357148.59,340000,17266.36,6.91
2023-05,East,Bulk Pack,REP015,66,7765.34,512512.24,184000,27512.19,10.46
2024-05,West,Bulk Pack,REP018,54,7535.12,406896.61,632000,11386.47,12.94
2024-11,East,Trial Pack,REP009,92,914.62,84145.19,56000,937.4,0.16
2024-05,Central,Premium Pack,REP002,66,4633.46,305808.27,200000,2981.95,6.24
2024-02,East,Standard Pack,REP017,82,3332.26,273245.1,210000,17161.19,2.94
2024-04,South,Standard Pack,REP017,47,2962.23,139224.61,201000,513.05,13.96
2023-07,South,Premium Pack,REP007,93,4902.89,455969.09,145000,59.96,5.65
2023-05,North,Trial Pack,REP010,61,705.3,43023.13,58400,968.51,12.33
2023-06,East,Premium Pack,REP018,75,5643.21,423240.9,50000,4034.02,7.69
2024-06,East,Economy Pack,REP001,32,1380.52,44176.79,96000,125.78,14.91
2024-04,South,Standard Pack,REP010,92,2585.06,237825.71,66000,1544.24,6.78
2024-05,Central,Economy Pack,REP007,65,1504.0,97760.15,40500,6773.1,0.15
2023-02,South,Bulk Pack,REP003,75,7959.76,596981.77,128000,36037.13,3.73
2023-01,West,Premium Pack,REP020,33,5309.56,175215.41,90000,97.87,6.05
2024-07,East,Bulk Pack,REP006,76,7538.77,572946.21,264000,24640.57,2.77
2024-10,North,Bulk Pack,REP003,66,7704.48,508495.71,248000,39764.21,12.12
2024-07,North,Standard Pack,REP002,69,3408.06,235156.32,81000,5599.55,4.47
2024-02,North,Economy Pack,REP019,61,1306.74,79711.2,66000,4852.09,0.64
2024-09,Central,Trial Pack,REP001,55,794.37,43690.15,24000,3004.64,2.53
2024-10,South,Bulk Pack,REP001,78,8005.92,624461.57,208000,40945.94,13.32
2023-12,Central,Bulk Pack,REP015,38,7704.93,292787.32,616000,17673.51,6.68
2024-07,South,Standard Pack,REP018,85,3003.01,255255.9,237000,13369.8,6.17
2023-01,Central,Standard Pack,REP006,87,2889.63,251397.54,162000,3740.02,14.26
2024-01,West,Economy Pack,REP001,83,1589.82,131954.93,96000,4140.41,14.22
2023-02,South,Premium Pack,REP016,91,5180.36,471412.94,190000,12920.15,9.42
2024-11,Central,Standard Pack,REP001,45,3028.0,136259.93,36000,9003.41,10.45
2023-11,North,Premium Pack,REP014,56,5203.47,291394.21,95000,3461.92,8.95
2023-04,Central,Bulk Pack,REP017,78,9122.58,711561.46,408000,32128.16,13.99
2024-04,North,Economy Pack,REP017,68,1486.07,101052.65,100500,1456.44,1.65
2023-07,Central,Premium Pack,REP001,79,4333.61,342355.29,285000,6595.24,5.8
2024-01,North,Premium Pack,REP005,61,4259.07,259803.3,355000,16883.6,5.14
2024-05,Central,Standard Pack,REP016,98,2735.21,268051.06,90000,9516.27,4.24
2023-10,Central,Premium Pack,REP018,46,4499.34,206969.83,270000,5428.21,5.58
2024-05,Central,Bulk Pack,REP018,24,8199.51,196788.16,448000,13867.98,0.74
2024-03,East,Bulk Pack,REP005,23,7009.06,161208.43,280000,5465.23,5.13
2024-05,South,Trial Pack,REP003,70,900.13,63009.31,22400,2867.96,11.43
2024-05,East,Economy Pack,REP017,59,1649.82,97339.49,91500,6161.86,9.02
2024-02,West,Trial Pack,REP001,53,684.81,36294.7,20000,1307.63,11.23
2023-06,West,Premium Pack,REP014,47,4419.26,207705.44,210000,12439.21,7.24
2023-03,West,Bulk Pack,REP011,6,7825.05,46950.31,312000,1125.56,14.43
2023-01,Central,Standard Pack,REP012,30,3009.87,90296.21,171000,6.81,0.59
2023-09,Central,Premium Pack,REP016,6,4479.72,26878.3,340000,2018.48,7.39
2023-08,South,Bulk Pack,REP014,20,7542.59,150851.81,424000,7825.76,1.03
2023-04,South,Bulk Pack,REP020,98,7581.98,743033.94,456000,34709.75,3.1
2024-09,East,Trial Pack,REP016,11,883.41,9717.53,16000,213.1,12.42
2023-05,Central,Trial Pack,REP009,19,713.73,13560.89,63200,229.72,0.62
2024-09,North,Economy Pack,REP006,76,1692.87,128658.01,66000,3152.31,3.98
2023-10,West,Bulk Pack,REP014,38,6926.78,263217.79,208000,2554.33,4.54
2024-07,North,Bulk Pack,REP007,8,7219.02,57752.13,104000,2692.11,1.86
2023-12,North,Standard Pack,REP002,10,2722.82,27228.21,180000,1061.27,0.37
2023-12,North,Standard Pack,REP008,15,2672.73,40091.0,57000,2607.99,3.86
2023-04,Central,Standard Pack,REP012,18,3320.4,59767.22,90000,654.31,1.05
2024-08,North,Premium Pack,REP006,42,4305.07,180812.92,265000,4570.91,12.78
2023-06,North,Economy Pack,REP018,42,1493.26,62716.84,28500,3375.45,5.06
2023-06,Central,Premium Pack,REP007,92,4963.08,456603.25,135000,2735.81,1.59
2023-12,South,Economy Pack,REP010,56,1445.1,80925.45,52500,3018.54,11.88
2024-08,Central,Premium Pack,REP002,22,4400.84,96818.57,220000,6667.31,5.19
2024-06,Central,Bulk Pack,REP010,91,8639.83,786224.55,160000,54630.47,8.47
2023-01,Central,Premium Pack,REP004,46,5196.16,239023.16,140000,3852.36,3.98
2024-04,North,Bulk Pack,REP002,57,7071.92,403099.39,216000,29435.96,9.16
2024-10,Central,Economy Pack,REP003,94,1506.89,141647.41,100500,5832.95,1.49
2023-11,West,Bulk Pack,REP018,81,8865.6,718113.82,88000,606.15,5.91
2024-12,West,Bulk Pack,REP009,36,7185.42,258675.3,176000,13423.86,13.49
2024-01,North,Trial Pack,REP014,54,882.79,47670.82,12800,2899.91,10.15
2024-03,West,Trial Pack,REP006,69,730.17,50381.65,28000,3805.66,14.93
2024-09,Central,Trial Pack,REP017,95,883.34,83917.74,25600,6391.82,5.13
2023-04,Central,Standard Pack,REP012,16,2893.92,46302.71,54000,1994.21,13.7
2024-10,West,Economy Pack,REP005,81,1475.37,119505.24,100500,3474.29,14.07
2023-04,Central,Premium Pack,REP007,60,5191.2,311472.11,300000,5103.22,11.97
2023-06,Central,Trial Pack,REP019,58,747.86,43376.1,16800,3312.39,13.78
2024-04,West,Premium Pack,REP012,40,5193.31,207732.37,90000,14450.42,2.71
2023-03,North,Standard Pack,REP009,82,2904.38,238159.13,150000,2540.58,3.64
2023-10,West,Bulk Pack,REP005,5,7203.25,36016.24,208000,1152.47,0.86
2023-03,South,Standard Pack,REP017,66,3148.27,207785.51,93000,1287.99,4.23
2023-04,South,Premium Pack,REP008,99,5011.92,496180.38,245000,12333.67,7.72
2024-11,North,Bulk Pack,REP016,61,8714.73,531598.61,192000,18863.81,14.08
2023-12,West,Economy Pack,REP017,90,1663.64,149727.46,87000,1331.39,0.46
2023-04,West,Standard Pack,REP020,83,3290.43,273105.91,75000,11199.86,4.36
2024-06,Central,Trial Pack,REP019,34,827.62,28138.93,56800,1155.25,10.73
2024-07,Central,Bulk Pack,REP007,48,6980.72,335074.73,344000,21995.5,0.11
2023-10,North,Trial Pack,REP007,73,788.06,57528.14,15200,3266.09,14.76
2024-07,Central,Premium Pack,REP017,82,4526.45,371169.07,290000,648.71,11.62
2024-08,Central,Economy Pack,REP019,54,1279.73,69105.47,106500,2392.93,8.03
2023-12,South,Premium Pack,REP001,75,4753.72,356529.34,150000,26964.22,0.86
2024-02,West,Bulk Pack,REP006,58,8937.06,518349.38,112000,5922.22,8.7
2023-06,North,Trial Pack,REP019,69,821.03,56651.1,40800,2622.0,1.24
2023-03,North,Trial Pack,REP006,59,697.84,41172.58,42400,286.45,4.55
2024-11,East,Trial Pack,REP013,91,870.6,79224.94,60000,5942.76,10.2
2024-10,South,Standard Pack,REP020,77,2562.78,197333.83,168000,8432.31,10.33
2024-07,North,Trial Pack,REP007,86,749.0,64414.23,38400,2090.35,2.54
2023-06,North,Trial Pack,REP012,72,824.78,59384.08,61600,2583.38,10.42
2024-06,South,Premium Pack,REP019,16,4449.99,71199.84,195000,4398.17,2.56
2024-05,North,Bulk Pack,REP009,19,6877.73,130676.94,552000,8300.75,8.65
2024-07,Central,Bulk Pack,REP020,69,7250.01,500250.74,80000,9444.6,2.15
2023-07,West,Standard Pack,REP016,50,2621.64,131082.23,81000,6861.86,13.09
2024-06,West,Standard Pack,REP007,40,2633.2,105328.18,141000,2211.77,8.72
2023-09,East,Economy Pack,REP018,9,1506.28,13556.52,58500,971.25,14.5
2023-12,South,Economy Pack,REP014,26,1395.05,36271.23,85500,2137.02,0.77
2023-04,North,Premium Pack,REP007,61,4321.87,263634.12,70000,14998.89,0.1
2023-12,South,Standard Pack,REP010,83,3068.89,254717.91,78000,4923.21,10.22
2024-07,West,Economy Pack,REP007,38,1303.84,49546.02,81000,2931.46,3.16
2023-12,South,Trial Pack,REP018,36,732.22,26359.96,48000,153.24,2.99
2024-04,North,Trial Pack,REP002,8,701.5,5611.97,20800,121.73,11.4
2023-10,North,Economy Pack,REP013,87,1337.69,116379.36,19500,8114.77,6.28
2023-04,North,Trial Pack,REP008,52,756.06,39314.96,52000,1591.24,11.67
2023-04,Central,Economy Pack,REP006,21,1357.29,28503.07,16500,22.41,6.14
2024-08,West,Economy Pack,REP015,59,1663.0,98116.71,103500,3503.37,10.91
2024-08,Central,Premium Pack,REP013,16,5047.22,80755.5,330000,4856.95,8.52
2024-01,East,Economy Pack,REP005,94,1535.69,144354.96,97500,6315.6,10.72
2023-03,East,Trial Pack,REP007,70,903.12,63218.11,57600,2549.63,4.84
2024-06,North,Bulk Pack,REP007,43,9026.59,388143.36,160000,5078.59,4.56
2024-02,South,Bulk Pack,REP015,97,7998.92,775894.85,464000,40123.53,6.88
2024-03,Central,Standard Pack,REP006,41,2941.51,120602.04,219000,5262.38,2.0
2024-04,West,Standard Pack,REP001,20,2643.88,52877.64,132000,2066.64,7.86
2024-01,North,Economy Pack,REP005,96,1665.6,159897.58,81000,9495.34,9.65
2024-01,East,Standard Pack,REP007,46,3359.47,154535.68,204000,4760.42,14.14
2023-02,Central,Standard Pack,REP016,99,3064.95,303430.52,219000,6677.87,9.59
2024-07,West,Economy Pack,REP020,15,1286.09,19291.35,100500,115.69,3.35
2023-07,South,Economy Pack,REP004,79,1581.43,124932.89,111000,5139.51,8.09
2023-07,North,Premium Pack,REP011,88,4309.92,379273.13,300000,2943.71,0.96
2023-10,Central,Premium Pack,REP002,38,4953.54,188234.42,350000,14258.84,4.13
2023-04,Central,Premium Pack,REP015,74,5620.81,415940.27,60000,15901.14,5.33
2024-09,Central,Standard Pack,REP006,30,2834.1,85023.05,72000,4458.68,0.6
2023-05,East,Bulk Pack,REP015,99,9134.7,904335.78,512000,35737.84,13.04
2023-06,South,Standard Pack,REP006,50,3393.9,169694.77,51000,6056.74,10.07
2023-06,Central,Economy Pack,REP020,12,1654.68,19856.14,60000,1003.74,7.91
2023-09,South,Standard Pack,REP016,40,2719.41,108776.36,138000,496.04,8.82
2023-08,Central,Bulk Pack,REP016,42,7286.85,306047.61,304000,18001.19,9.38
2023-08,Central,Trial Pack,REP010,11,845.46,9300.06,28800,516.24,4.59
2023-09,Central,Economy Pack,REP001,91,1557.76,141755.81,91500,3893.19,4.93
2023-06,Central,Standard Pack,REP006,57,3253.32,185439.01,33000,833.94,11.21
2023-07,West,Premium Pack,REP001,85,4897.98,416328.64,60000,23721.41,2.64
2024-10,West,Trial Pack,REP013,69,683.52,47162.56,35200,3682.78,3.33
2023-08,East,Premium Pack,REP019,58,5592.61,324371.66,120000,17734.81,8.91
2024-03,South,Economy Pack,REP004,47,1692.61,79552.5,33000,6262.94,4.38
2023-07,North,Standard Pack,REP018,91,3299.73,300275.51,144000,21987.13,3.99
2023-01,Central,Standard Pack,REP009,75,2750.78,206308.33,87000,7474.69,14.19
2024-01,North,Bulk Pack,REP003,34,7023.24,238790.22,512000,1999.35,6.34
2023-01,Central,Economy Pack,REP011,57,1520.24,86653.8,115500,6403.59,12.32
2024-06,North,Standard Pack,REP002,25,2746.47,68661.82,159000,3453.6,3.99
2024-10,South,Trial Pack,REP017,84,802.52,67412.09,46400,882.38,10.38
2024-02,East,Premium Pack,REP003,62,5280.02,327361.11,300000,20913.29,1.61
2024-07,East,Trial Pack,REP018,20,787.6,15752.06,30400,542.05,6.57
2023-03,Central,Premium Pack,REP010,36,5661.13,203800.55,390000,14261.86,11.06
2023-01,West,Bulk Pack,REP018,13,7451.43,96868.64,304000,4906.81,10.82
2024-03,South,Trial Pack,REP015,97,751.89,72933.67,52800,557.56,13.47
2023-11,East,Economy Pack,REP018,66,1353.28,89316.64,81000,4141.41,13.69
2024-08,South,Premium Pack,REP006,81,4647.76,376468.25,305000,27582.0,7.54
2023-12,Central,Trial Pack,REP013,13,694.82,9032.7,33600,216.37,1.5
2023-12,Central,Economy Pack,REP009,30,1454.74,43642.34,18000,2198.47,6.24
2024-01,West,Economy Pack,REP009,6,1306.53,7839.19,75000,412.62,10.91
2024-03,South,Standard Pack,REP013,73,2951.3,215444.75,159000,10533.38,14.76
2023-02,Central,Economy Pack,REP013,7,1488.54,10419.78,49500,360.16,11.95
2024-05,South,Bulk Pack,REP017,70,7397.11,517797.91,216000,5977.96,1.4
2024-02,West,Trial Pack,REP018,34,801.45,27249.32,52800,2090.75,2.89
2023-08,North,Economy Pack,REP005,79,1618.06,127826.94,54000,204.25,8.8
2024-07,South,Standard Pack,REP007,64,3196.26,204560.73,75000,13306.95,8.83
2023-12,Central,Standard Pack,REP005,53,2924.07,154975.45,93000,9161.29,0.44
2023-11,North,Economy Pack,REP018,34,1685.28,57299.44,72000,2325.85,6.62
2024-05,South,Premium Pack,REP006,50,5606.68,280333.96,135000,13147.34,7.39
2023-10,North,Trial Pack,REP006,82,760.5,62360.81,12000,2428.72,14.02
2024-02,East,Standard Pack,REP013,89,2952.19,262744.62,192000,4634.19,2.47
2023-02,North,Trial Pack,REP002,55,903.82,49710.35,35200,2057.1,1.26
2024-12,East,Premium Pack,REP019,71,4894.77,347528.46,70000,26814.97,4.34
2023-04,Central,Premium Pack,REP018,16,4367.94,69887.04,55000,137.93,6.1
2024-12,East,Bulk Pack,REP011,62,7308.99,453157.69,352000,23030.02,0.62
2023-10,North,Economy Pack,REP016,78,1321.64,103087.65,61500,2816.94,5.08
2024-11,South,Economy Pack,REP008,30,1716.12,51483.53,51000,129.79,1.82
2024-10,South,Standard Pack,REP009,42,3242.76,136195.85,222000,4362.15,14.21
2023-06,West,Bulk Pack,REP013,21,8978.63,188551.17,392000,5150.76,3.23
2023-07,West,Standard Pack,REP014,90,3421.39,307924.92,234000,7122.93,14.28
2023-03,East,Premium Pack,REP002,92,5697.39,524160.15,240000,27052.96,0.25
2023-11,North,Standard Pack,REP008,31,3389.04,105060.25,90000,2871.71,14.3
2024-09,Central,Bulk Pack,REP006,24,8442.64,202623.48,88000,12409.36,3.15
2023-09,North,Economy Pack,REP001,5,1352.57,6762.87,33000,115.26,9.12
2024-07,East,Bulk Pack,REP005,26,7438.96,193412.85,528000,12435.57,12.27
2024-09,West,Trial Pack,REP008,37,711.79,26336.34,47200,1410.08,12.23
2024-08,West,Trial Pack,REP013,43,911.14,39179.13,44800,1402.62,1.53
2024-11,South,Trial Pack,REP018,19,736.09,13985.63,57600,306.75,4.8
2023-10,South,Premium Pack,REP018,11,4876.83,53645.09,390000,545.51,6.41
2024-06,Central,Trial Pack,REP014,83,801.47,66522.31,27200,1020.03,7.12
2023-11,North,Standard Pack,REP014,97,2904.77,281762.83,84000,17962.08,5.11
2024-06,North,Standard Pack,REP009,37,3391.09,125470.19,189000,5749.27,3.58
2023-03,Central,Standard Pack,REP020,29,2646.14,76738.03,60000,1873.02,2.53
2024-05,East,Standard Pack,REP016,44,2623.81,115447.63,132000,4131.2,14.48
2023-04,North,Premium Pack,REP006,92,4663.92,429080.94,170000,7070.85,10.64
2023-06,East,Bulk Pack,REP006,59,8152.97,481025.17,632000,35290.96,8.75
2024-01,South,Premium Pack,REP014,58,4525.35,262470.08,200000,6702.97,13.59
2023-10,North,Bulk Pack,REP016,28,9065.04,253821.1,272000,6528.95,0.52
2024-02,South,Trial Pack,REP009,68,689.13,46860.96,50400,2519.47,0.78
2024-09,West,Economy Pack,REP011,67,1651.72,110665.43,87000,6965.04,7.65
2024-11,East,Bulk Pack,REP015,35,8400.72,294025.12,368000,17789.93,8.09
2023-12,South,Bulk Pack,REP015,8,8478.52,67828.19,376000,3458.71,12.03
2023-11,West,Standard Pack,REP008,33,2656.21,87654.78,81000,1178.91,7.68
2024-10,South,Economy Pack,REP009,15,1535.9,23038.46,114000,92.75,0.94
2023-11,North,Trial Pack,REP010,47,918.95,43190.58,45600,2888.86,2.32
2023-12,South,Trial Pack,REP005,8,694.8,5558.42,14400,91.03,8.5
2024-09,South,Standard Pack,REP001,76,3113.26,236607.54,156000,3019.87,13.28
2024-02,East,Bulk Pack,REP004,16,7274.46,116391.31,88000,6732.61,7.62
2023-07,West,Bulk Pack,REP017,36,8691.28,312886.24,120000,6428.69,1.39
2024-12,South,Economy Pack,REP001,22,1653.99,36387.72,99000,2780.21,9.16
2023-07,Central,Standard Pack,REP011,90,2786.4,250776.25,153000,5187.2,5.06
2024-06,West,Standard Pack,REP013,57,2910.87,165919.78,42000,1391.55,4.02
2023-08,South,Premium Pack,REP005,11,5310.84,58419.27,240000,1713.89,1.59
2024-02,Central,Standard Pack,REP006,8,2613.36,20906.92,102000,967.68,13.67
2023-03,West,Standard Pack,REP020,87,3129.79,272291.88,60000,9137.71,5.86
2024-11,Central,Standard Pack,REP010,23,3216.46,73978.55,171000,2457.01,2.54
2024-01,South,Premium Pack,REP020,82,4379.2,359094.7,140000,25621.35,4.31
2023-08,South,Bulk Pack,REP019,23,8287.0,190600.96,336000,13461.36,7.09
2024-10,East,Trial Pack,REP009,86,882.21,75869.99,8800,308.66,12.95
2023-08,West,Trial Pack,REP002,77,839.46,64638.55,51200,4008.01,9.33
2023-01,West,Trial Pack,REP019,31,694.99,21544.59,33600,766.02,2.12
2024-05,North,Standard Pack,REP002,13,2678.51,34820.59,132000,2686.57,10.77
2024-10,West,Standard Pack,REP003,66,2624.93,173245.5,99000,5152.0,0.27
2024-04,East,Economy Pack,REP017,50,1447.06,72353.17,94500,2916.78,0.2
2023-02,West,Premium Pack,REP001,51,4975.77,253764.52,90000,6946.78,2.92
2024-01,Central,Standard Pack,REP005,14,3166.51,44331.08,66000,1935.49,5.39
2024-02,South,Premium Pack,REP017,71,5273.9,374446.82,95000,1578.96,0.56
2023-11,West,Trial Pack,REP014,60,720.38,43222.61,52000,2636.39,13.5
2023-12,East,Trial Pack,REP020,35,832.5,29137.59,61600,1923.66,13.02
2023-11,North,Standard Pack,REP007,16,2559.1,40945.65,192000,2541.49,6.7
2023-08,North,Premium Pack,REP002,81,5260.41,426093.59,225000,28922.63,13.59
2023-02,Central,Trial Pack,REP018,32,872.19,27910.16,19200,366.79,7.56
2024-08,South,Bulk Pack,REP005,77,7262.46,559209.31,184000,9365.57,0.59
2024-09,Central,Trial Pack,REP016,58,824.13,47799.44,29600,2639.18,9.68
2024-03,East,Trial Pack,REP007,41,879.97,36078.61,13600,1193.96,11.25
2024-02,North,Standard Pack,REP012,31,2846.58,88243.9,96000,6485.91,6.61
2024-06,West,Premium Pack,REP016,23,5034.06,115783.48,85000,2913.92,7.68
2023-09,West,Standard Pack,REP012,64,3320.91,212538.55,78000,2135.85,4.67
2024-04,West,Premium Pack,REP007,22,5446.01,119812.11,75000,9473.5,6.98
2023-03,South,Premium Pack,REP005,86,4830.87,415454.74,200000,31284.7,13.22
2023-12,Central,Bulk Pack,REP006,24,8126.49,195035.74,144000,14891.72,13.11
2024-10,East,Bulk Pack,REP019,82,8228.66,674750.48,472000,53951.32,9.34
2023-01,East,Bulk Pack,REP002,75,7027.23,527042.58,568000,21046.7,9.01
2024-10,North,Trial Pack,REP003,42,844.45,35466.83,42400,1960.91,13.25
2023-10,East,Bulk Pack,REP018,49,8091.49,396483.03,544000,8291.17,14.2
2024-11,South,Economy Pack,REP006,74,1711.02,126615.85,106500,6583.54,11.31
2024-05,West,Trial Pack,REP008,23,831.17,19116.9,49600,952.14,0.15
2023-06,South,Bulk Pack,REP016,47,7818.49,367469.16,464000,8141.78,0.99
2023-07,North,Premium Pack,REP004,25,4445.95,111148.79,165000,3657.51,2.18
2023-10,North,Trial Pack,REP007,75,793.87,59540.16,16000,171.31,9.88
2023-04,West,Bulk Pack,REP013,27,7637.29,206206.8,384000,3408.9,13.11
2023-02,East,Trial Pack,REP013,35,854.52,29908.17,19200,1285.05,11.06
2023-04,East,Trial Pack,REP002,20,842.28,16845.56,36800,1345.7,0.37
2024-07,Central,Trial Pack,REP002,45,896.39,40337.62,63200,29.36,1.13
2023-07,East,Economy Pack,REP011,70,1548.14,108369.65,100500,8414.29,8.38
2023-07,North,Premium Pack,REP001,69,5004.18,345288.09,135000,20540.57,11.25
2023-01,Central,Trial Pack,REP020,69,682.04,47060.69,32000,1379.02,0.79
2023-04,Central,Standard Pack,REP017,90,3097.08,278736.89,33000,12865.07,2.32
2023-04,West,Trial Pack,REP013,93,859.4,79924.49,38400,37.5,1.18
2023-04,North,Trial Pack,REP014,20,878.14,17562.9,30400,520.55,8.53
2024-07,North,Standard Pack,REP015,90,2627.96,236516.2,93000,7763.48,7.06
2023-01,Central,Standard Pack,REP013,31,2870.62,88989.37,99000,4948.66,9.24
2024-05,East,Bulk Pack,REP012,97,8964.58,869564.55,392000,37111.64,8.95
2024-08,East,Premium Pack,REP002,78,4637.59,361731.94,395000,26033.14,11.73
2024-11,East,Standard Pack,REP013,41,2582.71,105890.97,45000,4493.37,9.94
2024-03,South,Economy Pack,REP016,74,1493.28,110502.93,111000,7234.5,2.58
2023-12,East,Bulk Pack,REP010,43,7851.47,337613.12,360000,3737.99,9.99
2024-06,North,Standard Pack,REP009,35,3078.63,107752.15,57000,3877.39,11.35
2023-03,East,Economy Pack,REP011,19,1393.39,26474.33,28500,401.47,13.38
2024-06,South,Standard Pack,REP020,92,2936.03,270114.49,156000,5428.05,4.81
2023-10,Central,Economy Pack,REP001,38,1436.55,54588.91,16500,1694.7,11.94
2024-09,West,Bulk Pack,REP020,86,8702.46,748411.75,264000,48359.52,3.7
2024-12,West,Trial Pack,REP016,28,805.56,22555.62,50400,1002.0,7.91
2024-02,North,Premium Pack,REP011,55,4276.47,235205.73,190000,13061.1,0.24
2023-07,South,Bulk Pack,REP011,7,6974.57,48821.97,544000,3136.47,6.23
2023-10,South,Standard Pack,REP019,5,2869.98,14349.88,33000,349.59,0.37
2023-07,West,Economy Pack,REP009,26,1481.71,38524.35,87000,2460.89,4.01
2024-07,West,Bulk Pack,REP008,49,7036.51,344789.11,248000,6020.66,1.96
2023-07,North,Economy Pack,REP016,11,1485.87,16344.58,37500,1009.79,1.13
2024-07,Central,Trial Pack,REP017,68,701.52,47703.12,56800,65.98,8.25
2023-02,West,Bulk Pack,REP018,78,7627.03,594908.48,104000,31622.99,10.63
2024-01,South,Trial Pack,REP002,52,721.06,37495.15,29600,1917.64,12.8
2023-10,North,Standard Pack,REP009,64,3222.84,206261.59,198000,11962.04,1.71
2023-09,West,Premium Pack,REP009,10,5108.47,51084.73,360000,1901.19,0.95
2023-01,East,Bulk Pack,REP006,41,7484.45,306862.36,400000,13355.39,8.4
2023-04,West,Trial Pack,REP015,12,758.78,9105.37,45600,372.47,12.1
2024-04,West,Economy Pack,REP008,46,1281.76,58960.97,28500,258.23,5.33
2023-07,Central,Premium Pack,REP015,8,4661.62,37292.94,145000,2609.75,14.08
2024-02,North,Standard Pack,REP007,65,2849.66,185227.96,222000,1578.9,10.33
2024-03,North,Bulk Pack,REP016,21,8064.36,169351.59,176000,7855.28,9.42
2023-03,Central,Economy Pack,REP017,77,1466.84,112946.93,45000,5103.77,2.69
2023-06,North,Economy Pack,REP020,52,1489.72,77465.23,69000,339.08,8.03
2023-03,North,Bulk Pack,REP010,38,9140.59,347342.3,248000,5981.76,12.17
2023-02,South,Bulk Pack,REP001,76,9035.71,686713.7,176000,21294.97,4.85
2023-10,Central,Standard Pack,REP019,42,3107.21,130502.79,156000,10106.37,13.72
2024-06,South,Standard Pack,REP009,35,2924.66,102362.98,231000,4156.01,6.02
2023-04,South,Premium Pack,REP019,55,4279.1,235350.6,360000,9567.83,11.03
2023-08,East,Standard Pack,REP019,35,2619.94,91697.94,150000,1471.8,10.73
2023-02,South,Premium Pack,REP013,39,4891.26,190759.19,200000,9461.68,5.1
2023-08,East,Premium Pack,REP016,70,4520.96,316466.85,315000,19463.07,3.98
2023-09,North,Premium Pack,REP010,59,5053.49,298155.92,95000,116.51,14.05
2023-12,Central,Premium Pack,REP016,39,5014.98,195584.13,250000,14093.95,13.95
2024-03,South,Premium Pack,REP008,46,5452.31,250806.22,195000,9662.84,10.21
2023-08,West,Economy Pack,REP003,90,1378.94,124104.66,39000,7954.26,5.66
2024-09,West,Trial Pack,REP011,24,731.69,17560.47,44800,533.28,11.33
2023-04,East,Bulk Pack,REP008,51,8749.23,446210.78,456000,1730.02,3.15
2024-08,West,Bulk Pack,REP011,81,8374.83,678361.2,104000,35228.87,10.47
2023-06,South,Trial Pack,REP007,96,718.14,68941.63,53600,3140.07,5.74
2024-10,Central,Standard Pack,REP009,18,3155.71,56802.73,72000,2573.49,11.45
2024-01,East,Standard Pack,REP017,47,2952.09,138748.46,36000,5196.32,13.31
2024-02,East,Trial Pack,REP017,67,770.02,51591.6,46400,2193.01,6.0
2023-12,South,Bulk Pack,REP014,98,7669.24,751585.11,568000,24912.16,1.69
2023-10,North,Bulk Pack,REP011,33,8596.81,283694.84,488000,17503.81,0.58
2023-02,West,Premium Pack,REP008,29,5502.44,159570.62,330000,3870.65,6.44
2023-08,Central,Bulk Pack,REP015,69,7375.88,508935.54,504000,37804.05,8.7
2023-09,South,Economy Pack,REP010,53,1644.38,87152.04,111000,270.52,2.8
2024-05,Central,Economy Pack,REP015,80,1579.15,126332.13,69000,2531.52,12.09
2023-07,South,Standard Pack,REP016,13,3362.29,43709.74,108000,1246.27,11.21
2023-06,West,Premium Pack,REP018,67,5538.13,371054.58,110000,17923.51,7.4
2023-11,West,Bulk Pack,REP001,28,7165.35,200629.74,152000,4163.46,9.54
2024-01,West,Economy Pack,REP012,66,1394.24,92019.52,108000,4885.31,11.76
2023-11,North,Standard Pack,REP003,53,3265.76,173085.23,102000,6197.42,12.44
2023-09,East,Economy Pack,REP009,98,1328.89,130230.83,63000,4741.7,8.34
2024-04,South,Bulk Pack,REP016,18,8321.11,149780.03,512000,4047.86,5.82
2023-02,East,Standard Pack,REP003,91,2878.54,261947.4,96000,13059.07,1.12
2023-10,Central,Premium Pack,REP004,67,5206.11,348809.16,365000,21350.1,6.49
2023-02,West,Economy Pack,REP013,92,1510.87,139000.0,36000,422.29,14.92
2023-09,West,Bulk Pack,REP001,21,6903.61,144975.78,152000,6871.65,12.53
2024-06,North,Bulk Pack,REP014,48,9190.79,441158.06,504000,9235.07,1.0
2023-09,South,Standard Pack,REP016,43,3201.59,137668.38,138000,10113.51,6.12
2024-03,Central,Bulk Pack,REP005,60,7546.49,452789.28,144000,391.15,10.52
2024-11,Central,Trial Pack,REP008,48,868.23,41674.9,48000,1367.02,7.23
2024-04,North,Premium Pack,REP018,86,4674.0,401964.09,395000,16951.54,11.46
2024-10,South,Economy Pack,REP013,13,1717.85,22332.1,27000,225.61,14.19
2023-01,Central,Bulk Pack,REP002,39,8302.64,323802.78,120000,13098.63,1.16
2024-08,East,Premium Pack,REP002,68,5126.48,348600.61,140000,14455.04,6.93
2024-08,North,Trial Pack,REP020,42,778.62,32702.2,48000,1860.42,0.78
2024-12,East,Bulk Pack,REP013,47,8928.4,419634.6,224000,27116.43,5.35
2024-12,South,Trial Pack,REP014,86,730.53,62825.31,30400,1174.2,6.14
2023-04,South,Premium Pack,REP003,6,4819.89,28919.32,290000,589.42,13.72
2024-06,North,Trial Pack,REP016,7,810.02,5670.16,40000,101.86,6.98
2023-06,South,Economy Pack,REP015,94,1668.74,156861.98,87000,11720.57,2.75
2024-11,East,Bulk Pack,REP007,92,8966.08,824879.48,256000,17633.28,7.64
2023-06,North,Bulk Pack,REP011,73,8515.29,621615.85,448000,47047.65,3.67
2023-11,West,Trial Pack,REP009,8,816.67,6533.39,21600,293.52,1.1
2023-07,West,Standard Pack,REP009,63,2854.7,179846.01,207000,2054.91,10.44
2024-02,South,Premium Pack,REP015,6,5479.14,32874.85,365000,59.04,9.0
2024-12,East,Trial Pack,REP006,98,840.45,82364.22,57600,3527.63,2.54
2023-04,Central,Premium Pack,REP001,54,5644.11,304782.01,100000,7818.58,8.29
2023-04,South,Trial Pack,REP013,13,741.51,9639.63,63200,630.05,6.13
2024-10,Central,Economy Pack,REP018,82,1475.54,120994.07,117000,1221.1,1.85
2023-07,South,Standard Pack,REP018,85,2821.31,239811.4,207000,14649.66,14.89
2023-01,North,Standard Pack,REP013,63,3342.9,210602.93,150000,8492.69,8.17
2023-08,North,Premium Pack,REP012,73,5692.8,415574.2,75000,3528.39,7.39
2023-10,South,Economy Pack,REP017,23,1494.36,34370.29,57000,2656.76,12.02
2024-05,West,Bulk Pack,REP017,53,6897.41,365562.5,232000,7506.62,10.71
2024-06,West,Premium Pack,REP018,41,5700.3,233712.23,120000,14409.61,3.96
2024-08,Central,Standard Pack,REP001,92,3404.02,313170.26,78000,15224.98,6.04
2024-03,East,Economy Pack,REP010,65,1607.17,104465.91,31500,4792.83,3.23
2023-09,East,Trial Pack,REP003,57,699.37,39864.09,12800,2940.34,2.93
2023-11,West,Bulk Pack,REP017,79,7442.66,587970.01,248000,31775.42,11.66
2023-05,North,Economy Pack,REP004,84,1520.01,127680.64,52500,776.23,10.18
2024-05,Central,Standard Pack,REP001,48,3036.55,145754.39,138000,2268.5,10.98
2024-09,Central,Premium Pack,REP013,79,4533.62,358155.7,125000,19886.88,7.79
2023-08,East,Standard Pack,REP013,61,2786.72,169990.12,228000,4933.35,3.76
2023-07,North,Economy Pack,REP013,58,1353.65,78511.93,105000,3524.56,10.31
2023-11,North,Economy Pack,REP001,11,1567.44,17241.83,85500,1117.63,8.05
2024-09,East,Economy Pack,REP017,94,1583.71,148868.82,87000,3589.43,9.39
2023-12,Central,Economy Pack,REP004,63,1576.33,99308.48,100500,2643.47,1.07
2023-07,South,Bulk Pack,REP013,80,8038.72,643097.88,240000,35391.48,12.96
2023-03,Central,Premium Pack,REP012,36,5321.18,191562.43,390000,2881.34,9.8
2024-08,East,Trial Pack,REP004,83,704.15,58444.35,60800,257.67,13.32
2024-11,South,Premium Pack,REP003,68,4540.17,308731.62,340000,569.23,13.45
2023-05,East,Trial Pack,REP001,65,898.84,58424.42,10400,2106.58,11.3
2023-01,East,Trial Pack,REP009,27,720.37,19450.01,41600,303.59,13.39
2023-03,East,Premium Pack,REP015,64,5725.6,366438.26,350000,9395.09,14.94
2024-10,North,Premium Pack,REP014,48,4810.17,230888.01,105000,12020.74,9.21
2023-01,North,Trial Pack,REP005,74,754.03,55798.41,32000,2288.85,5.97
2024-01,West,Standard Pack,REP010,45,3334.4,150047.85,36000,1141.49,0.81
2024-05,West,Economy Pack,REP013,17,1580.4,26866.75,117000,2058.7,13.26
2023-07,Central,Trial Pack,REP018,60,824.86,49491.64,62400,3433.06,14.29
2024-03,West,Bulk Pack,REP002,73,7100.21,518315.58,624000,32856.68,3.38
2023-01,West,Standard Pack,REP001,37,2717.34,100541.59,75000,8007.0,0.34
2024-11,South,Bulk Pack,REP010,16,8596.07,137537.06,96000,3571.66,10.82
2023-10,East,Standard Pack,REP014,7,3201.06,22407.39,99000,1516.47,6.41
2024-04,Central,Economy Pack,REP015,26,1500.09,39002.32,61500,1536.25,0.55
2024-08,South,Trial Pack,REP009,29,726.05,21055.44,8800,1300.02,6.27
2023-09,South,Trial Pack,REP006,21,867.09,18208.84,61600,1208.55,10.56
2024-07,South,Standard Pack,REP004,68,2968.37,201849.11,138000,7260.09,2.83
2024-01,West,Standard Pack,REP014,41,2652.05,108733.98,126000,2545.87,5.89
2023-11,North,Bulk Pack,REP002,23,9083.35,208917.08,520000,2475.26,11.19
2023-04,East,Bulk Pack,REP011,84,8313.08,698298.34,224000,22029.42,0.02
2023-09,East,Premium Pack,REP012,49,4876.17,238932.45,135000,15762.4,9.13
2023-12,North,Trial Pack,REP016,22,919.42,20227.24,59200,1602.36,3.14
2023-03,South,Premium Pack,REP005,59,5252.03,309869.72,295000,14383.62,13.56
2024-06,Central,Premium Pack,REP007,20,5407.35,108147.09,235000,6971.13,9.04
2024-09,North,Economy Pack,REP016,56,1562.34,87491.3,39000,6483.32,14.42
2024-01,Central,Bulk Pack,REP009,7,8457.49,59202.46,472000,1766.02,2.18
2024-06,South,Trial Pack,REP007,95,797.27,75740.19,20800,3195.14,13.3
2023-05,East,Standard Pack,REP013,65,2600.7,169045.5,189000,12089.76,14.62
2023-09,South,Trial Pack,REP017,91,708.77,64498.35,46400,1649.04,8.88
2024-12,South,Trial Pack,REP011,81,874.86,70863.51,59200,4270.59,10.74
2024-01,Central,Premium Pack,REP007,91,5182.2,471579.89,390000,11280.67,4.75
2023-06,North,Economy Pack,REP016,89,1586.76,141221.69,37500,4690.41,11.47
2024-01,East,Standard Pack,REP004,30,3390.84,101725.28,114000,2372.95,4.0
2023-08,East,Economy Pack,REP007,39,1524.99,59474.46,114000,445.62,11.52
2023-11,East,Premium Pack,REP006,44,5506.76,242297.53,140000,17105.63,8.74
2023-01,North,Economy Pack,REP019,94,1678.9,157816.88,63000,1262.35,0.5
2024-11,West,Bulk Pack,REP019,51,6815.66,347598.71,144000,929.52,5.5
2024-02,South,Trial Pack,REP006,94,714.11,67126.7,56000,5292.4,8.31
2024-07,North,Trial Pack,REP002,44,693.15,30498.55,51200,1035.91,14.01
2023-11,West,Bulk Pack,REP011,76,7724.39,587053.66,88000,4112.88,9.51
2024-09,South,Economy Pack,REP019,32,1535.93,49149.61,49500,2373.95,2.46
2024-12,East,Standard Pack,REP009,70,2704.15,189290.22,210000,4582.95,9.94
2023-12,North,Bulk Pack,REP009,96,8046.55,772469.23,408000,46247.75,3.93
2024-06,South,Bulk Pack,REP016,19,6994.28,132891.31,176000,4162.55,10.7
2023-07,North,Standard Pack,REP019,61,3133.23,191126.94,213000,7186.04,12.87
2024-04,Central,Standard Pack,REP003,78,2856.94,222841.56,165000,15996.43,7.77
2023-02,West,Premium Pack,REP012,64,4680.22,299534.31,80000,11722.96,5.13
2024-10,Central,Trial Pack,REP001,23,743.27,17095.1,33600,586.55,9.78
2024-08,North,Economy Pack,REP006,74,1349.04,99828.69,37500,6394.34,6.81
2023-10,Central,Bulk Pack,REP005,35,8526.7,298434.64,312000,12091.53,12.67
2023-07,North,Economy Pack,REP018,93,1378.46,128197.08,102000,2599.77,14.11
2023-11,East,Standard Pack,REP017,43,3193.74,137330.84,189000,4961.92,12.85
2023-03,East,Trial Pack,REP012,72,702.81,50602.58,32800,508.15,12.2
2024-10,Central,Premium Pack,REP003,90,5287.8,475901.63,130000,17935.16,6.17
2023-03,South,Trial Pack,REP003,47,791.53,37201.7,48000,2578.61,0.5
2024-01,West,Premium Pack,REP010,11,5435.39,59789.29,245000,2450.41,2.03
2023-10,Central,Premium Pack,REP011,99,4547.2,450172.42,325000,22589.95,4.75
2023-12,South,Standard Pack,REP018,72,2872.06,206788.11,48000,9920.94,11.65
2023-07,North,Economy Pack,REP017,70,1667.07,116694.84,91500,2093.72,5.83
2023-06,South,Economy Pack,REP017,92,1674.52,154055.65,60000,6090.22,10.98
2024-03,East,Standard Pack,REP015,66,2685.45,177239.43,108000,11366.61,6.62
2024-10,East,Bulk Pack,REP007,13,7757.86,100852.21,240000,7139.75,8.66
2024-07,East,Trial Pack,REP012,69,918.1,63349.05,27200,4110.53,1.31
2024-04,East,Economy Pack,REP003,19,1297.18,24646.51,15000,1200.84,11.53
2024-11,Central,Economy Pack,REP020,75,1595.43,119657.43,61500,359.47,4.74
2024-05,West,Economy Pack,REP001,31,1557.84,48293.19,73500,652.28,12.33
2023-05,Central,Bulk Pack,REP015,10,7868.26,78682.56,224000,3208.72,8.78
2023-06,South,Premium Pack,REP009,53,4467.66,236785.89,325000,2668.46,9.37
2024-02,South,Economy Pack,REP002,40,1352.13,54085.17,52500,2609.13,0.86
2023-03,South,Bulk Pack,REP007,98,7385.75,723803.86,568000,50891.0,4.72
2024-08,West,Trial Pack,REP012,9,686.28,6176.5,31200,298.51,14.04
2023-05,East,Economy Pack,REP003,47,1686.69,79274.24,87000,5845.53,11.36
2023-10,Central,Trial Pack,REP003,95,787.33,74796.47,32800,2624.89,11.73
2023-03,Central,Trial Pack,REP009,34,734.82,24983.95,16000,629.28,1.75
2023-02,East,Economy Pack,REP004,91,1683.8,153225.52,51000,8829.07,10.31
2024-05,South,Premium Pack,REP020,52,5481.62,285044.11,55000,15814.47,0.6
2024-02,West,Premium Pack,REP013,39,5033.19,196294.4,375000,12614.09,4.08
2023-12,Central,Standard Pack,REP010,27,3307.63,89305.95,87000,4209.21,6.82
2024-07,South,Trial Pack,REP020,65,866.37,56314.3,63200,267.97,9.16
2024-07,South,Premium Pack,REP014,7,4657.07,32599.5,95000,1391.29,0.79
2023-01,South,Standard Pack,REP015,37,2640.68,97705.07,168000,2121.28,7.07
2023-12,East,Premium Pack,REP019,29,5308.82,153955.89,360000,8537.4,12.02
2023-01,East,Bulk Pack,REP005,93,7586.65,705558.53,384000,35660.33,3.86
2024-03,East,Trial Pack,REP005,60,683.57,41013.93,54400,781.18,12.3
2024-08,South,Standard Pack,REP011,38,3193.89,121367.92,225000,6659.47,12.5
2024-10,South,Standard Pack,REP015,14,2882.76,40358.7,198000,1013.11,2.13
2023-09,South,Bulk Pack,REP009,84,7875.06,661505.44,480000,50306.5,10.95
2023-10,West,Trial Pack,REP016,97,914.26,88683.1,9600,589.13,2.87
2023-01,West,Economy Pack,REP012,18,1448.77,26077.86,115500,1899.81,14.43
2023-04,South,Standard Pack,REP018,18,2662.9,47932.16,189000,3733.89,9.95
2024-10,West,Economy Pack,REP002,43,1415.74,60876.92,42000,836.25,7.95
2024-06,Central,Trial Pack,REP011,43,837.19,35998.99,27200,973.82,1.62
2023-04,East,Standard Pack,REP009,80,3097.71,247817.15,42000,9422.94,11.86
2024-10,Central,Economy Pack,REP004,13,1585.93,20617.07,54000,474.82,1.8
2023-10,Central,Economy Pack,REP010,10,1523.01,15230.14,21000,27.05,4.56
2024-12,East,Premium Pack,REP019,54,5485.7,296227.94,285000,2502.5,10.6
2023-03,South,Standard Pack,REP004,74,2912.07,215492.83,75000,9861.89,7.2
2024-05,North,Premium Pack,REP015,98,4794.78,469888.8,320000,30287.33,1.62
2023-01,West,Bulk Pack,REP018,30,7967.34,239020.2,512000,12607.84,13.65
2023-01,North,Economy Pack,REP011,89,1300.38,115733.87,84000,62.85,2.29
2024-07,Central,Trial Pack,REP010,60,917.84,55070.2,20800,4124.21,7.8
2023-10,West,Premium Pack,REP018,41,4430.38,181645.44,190000,10012.3,8.51
2023-06,East,Economy Pack,REP001,22,1324.91,29148.11,109500,2207.89,7.01
2023-07,South,Bulk Pack,REP007,60,9023.71,541422.88,304000,24160.89,5.69
2024-08,South,Economy Pack,REP015,16,1601.97,25631.55,105000,1786.57,2.89
2023-07,Central,Economy Pack,REP015,69,1350.72,93199.49,51000,2680.74,1.89
2024-10,East,Bulk Pack,REP015,92,7884.49,725372.69,328000,14696.21,13.64
2023-04,South,Economy Pack,REP017,60,1285.99,77159.53,33000,2797.88,10.26
2023-03,Central,Trial Pack,REP005,7,899.17,6294.19,48800,398.22,12.05
2024-06,South,Bulk Pack,REP004,37,9190.61,340052.68,456000,6850.42,14.72
2023-08,Central,Economy Pack,REP012,52,1290.63,67112.91,108000,3203.48,9.07
2023-05,North,Bulk Pack,REP014,79,6967.15,550404.86,456000,7201.31,0.5
2024-05,North,Trial Pack,REP001,38,760.53,28900.28,14400,58.12,10.84
2023-06,South,Economy Pack,REP011,80,1681.49,134518.84,76500,801.84,7.66
2023-10,West,Standard Pack,REP004,96,2633.97,252860.93,138000,15603.0,12.62
2023-03,Central,Standard Pack,REP018,45,2568.25,115571.35,54000,4749.56,3.6
2023-05,West,Premium Pack,REP012,26,4517.94,117466.53,140000,7126.01,11.9
2024-11,South,Economy Pack,REP018,30,1288.13,38643.8,40500,2923.9,13.95
2023-03,North,Economy Pack,REP012,67,1497.74,100348.73,49500,1654.34,6.62
2024-09,East,Trial Pack,REP016,28,896.74,25108.82,39200,933.21,11.17
2023-06,Central,Trial Pack,REP013,46,868.59,39955.33,10400,3007.73,7.3
2024-06,Central,Premium Pack,REP011,52,5081.73,264250.15,210000,15918.14,12.17
2023-12,South,Bulk Pack,REP014,20,6918.26,138365.14,168000,9224.83,5.22
2023-09,Central,Trial Pack,REP006,63,718.05,45237.07,58400,3051.88,5.43
2024-04,Central,Trial Pack,REP004,96,787.36,75586.54,18400,2714.05,0.94
2024-08,North,Standard Pack,REP003,34,2814.39,95689.11,60000,1736.47,8.63
2023-08,East,Standard Pack,REP013,49,3078.42,150842.56,63000,10011.95,8.44
2024-10,West,Bulk Pack,REP013,29,7928.89,229937.86,128000,14103.57,14.54
2024-07,West,Economy Pack,REP009,40,1540.38,61615.12,49500,3978.91,5.5
2024-10,South,Trial Pack,REP014,33,730.23,24097.56,12800,817.26,1.0
2023-12,East,Premium Pack,REP004,48,4775.41,229219.61,345000,17516.83,13.32
2023-08,East,Premium Pack,REP003,73,4959.76,362062.41,175000,333.85,1.96
2023-04,East,Economy Pack,REP005,81,1413.88,114524.66,15000,278.34,10.69
2024-09,North,Bulk Pack,REP014,7,7601.16,53208.09,568000,3181.06,0.8
2023-10,Central,Bulk Pack,REP014,50,9163.9,458194.96,456000,4306.15,11.78
2023-07,North,Economy Pack,REP013,77,1685.34,129771.38,36000,6673.71,5.73
2023-01,Central,Trial Pack,REP008,58,872.85,50625.3,54400,3860.97,1.52
2024-03,East,Premium Pack,REP012,22,4333.62,95339.74,145000,1305.03,13.1
2024-10,North,Standard Pack,REP007,51,2902.75,148040.1,162000,2936.32,13.92
2024-03,West,Trial Pack,REP012,75,863.37,64752.66,36000,4197.54,2.03
2023-08,Central,Trial Pack,REP001,38,918.63,34907.91,24000,389.0,0.33
2023-03,West,Economy Pack,REP015,99,1401.29,138727.32,102000,8733.92,1.75
2024-10,Central,Premium Pack,REP019,54,4928.13,266119.17,255000,1030.33,2.23
2024-09,South,Economy Pack,REP020,19,1655.79,31459.96,90000,1231.05,11.91
2023-05,South,Standard Pack,REP016,12,2949.7,35396.42,39000,1109.11,9.33
2023-07,Central,Economy Pack,REP017,47,1629.31,76577.43,99000,932.25,2.65
2024-02,West,Trial Pack,REP020,38,890.75,33848.41,26400,2212.22,1.91
2024-12,East,Bulk Pack,REP006,84,8727.31,733093.98,440000,49598.71,1.73
2024-04,Central,Trial Pack,REP011,53,779.17,41295.83,18400,3279.98,8.45
2023-10,West,Economy Pack,REP009,57,1463.72,83432.3,93000,4564.37,11.88
2023-11,Central,Standard Pack,REP004,73,2833.12,206818.01,150000,6415.73,4.3
2023-02,East,Standard Pack,REP006,47,2845.92,133758.32,234000,3145.58,3.24
2024-06,East,Economy Pack,REP009,99,1483.6,146876.06,108000,1620.28,11.64
2023-09,Central,Economy Pack,REP019,32,1279.29,40937.36,19500,1969.54,9.83
2024-01,East,Economy Pack,REP005,69,1431.5,98773.26,111000,5178.75,6.28
2024-11,South,Bulk Pack,REP015,60,8336.6,500196.13,232000,14791.52,4.94
2024-09,North,Standard Pack,REP019,66,2905.04,191732.39,63000,11642.42,7.67
2024-02,Central,Trial Pack,REP001,64,723.2,46284.79,52800,3651.19,9.55
2023-02,Central,Premium Pack,REP007,76,5280.13,401290.15,155000,28719.47,8.14
2024-01,East,Economy Pack,REP003,87,1480.66,128817.49,36000,9141.99,5.37
2024-12,Central,Trial Pack,REP004,17,812.84,13818.24,36800,1024.99,8.83
2023-12,Central,Economy Pack,REP012,62,1377.5,85405.02,64500,3011.49,7.18
2024-08,South,Standard Pack,REP013,70,2940.35,205824.59,45000,134.99,13.48
2024-07,South,Economy Pack,REP006,33,1354.87,44710.61,48000,91.11,0.95
2023-10,West,Standard Pack,REP003,11,2703.33,29736.64,120000,341.82,10.65
2024-07,Central,Bulk Pack,REP013,81,9169.31,742714.49,456000,36019.67,5.05
2024-07,West,Trial Pack,REP007,38,805.7,30616.68,40800,1612.36,3.96
2023-10,North,Standard Pack,REP003,75,3080.52,231039.28,57000,11598.29,11.77
2023-01,West,Trial Pack,REP013,95,887.25,84288.86,39200,4300.1,7.59
2023-02,South,Trial Pack,REP003,23,882.85,20305.65,33600,51.37,3.88
2024-04,North,Bulk Pack,REP017,92,8608.8,792009.48,320000,46042.39,14.14
2023-12,West,Economy Pack,REP017,28,1435.19,40185.2,103500,1365.26,2.29
2023-10,West,Premium Pack,REP007,82,4836.64,396604.35,260000,2850.02,8.86
2023-03,South,Trial Pack,REP019,80,801.14,64091.0,48800,3900.12,7.21
2024-03,East,Standard Pack,REP012,68,2776.29,188787.53,111000,14466.19,12.82
2023-04,North,Trial Pack,REP020,30,821.69,24650.74,24000,1561.79,1.91
2024-02,North,Premium Pack,REP015,89,5519.65,491249.1,340000,21860.05,6.17
2024-11,Central,Standard Pack,REP005,77,2800.71,215654.76,69000,5848.04,2.15
2024-08,West,Standard Pack,REP013,33,3059.8,100973.38,51000,130.12,1.76
2024-09,East,Standard Pack,REP005,20,2602.01,52040.19,183000,1346.75,0.35
2024-08,South,Premium Pack,REP019,48,4637.4,222595.03,295000,9832.66,11.29
2024-08,Central,Premium Pack,REP008,38,4434.37,168505.94,270000,8160.32,1.31
2024-02,West,Premium Pack,REP001,48,4379.67,210224.09,225000,5281.57,6.89
2023-07,Central,Standard Pack,REP016,79,2896.88,228853.44,210000,7166.85,3.93
2024-07,West,Economy Pack,REP006,66,1625.98,107314.83,109500,4318.94,8.76
2024-09,North,Premium Pack,REP020,17,5530.44,94017.56,170000,621.77,1.89
2023-05,East,Standard Pack,REP018,36,2590.39,93254.14,138000,3921.0,7.45
2024-05,North,Bulk Pack,REP014,50,9186.94,459347.1,368000,2369.89,8.61
2023-09,East,Standard Pack,REP008,50,3104.06,155203.1,165000,8984.51,12.49
2023-08,East,Bulk Pack,REP018,39,8519.25,332250.78,448000,2616.4,13.75
2023-11,East,Standard Pack,REP015,99,2702.61,267558.11,126000,19567.2,8.2
2023-12,South,Bulk Pack,REP015,8,7039.19,56313.55,616000,1781.67,2.62
2024-12,West,Bulk Pack,REP009,67,7572.99,507390.56,336000,3048.14,14.15
2023-02,Central,Economy Pack,REP004,88,1438.6,126596.9,85500,6347.91,9.57
2023-08,West,Premium Pack,REP006,30,4892.19,146765.55,320000,9122.32,13.09
2023-10,North,Premium Pack,REP012,17,5106.28,86806.75,340000,4272.38,12.42
2023-06,East,Premium Pack,REP014,10,5521.11,55211.09,345000,478.3,6.31
2023-07,South,Standard Pack,REP020,44,2606.6,114690.55,51000,3571.61,4.7
2024-03,West,Bulk Pack,REP003,50,9030.23,451511.32,392000,9613.88,3.23
2023-05,Central,Bulk Pack,REP020,84,7756.56,651550.9,264000,39712.67,11.6
2023-04,South,Standard Pack,REP005,68,3098.28,210682.76,72000,8756.01,6.76
2024-09,North,Premium Pack,REP017,89,5047.4,449218.7,235000,15293.68,8.24
2023-04,Central,Premium Pack,REP020,37,5081.48,188014.9,80000,5603.26,3.94
2023-09,North,Standard Pack,REP011,35,2560.25,89608.77,180000,6757.29,12.27
2024-05,East,Premium Pack,REP019,68,4760.58,323719.25,185000,7667.37,7.72
2024-09,Central,Premium Pack,REP008,17,5094.22,86601.72,230000,285.63,3.76
2024-05,North,Standard Pack,REP006,21,3028.92,63607.31,87000,822.3,1.78
2023-01,North,Premium Pack,REP019,5,4630.19,23150.93,180000,1426.99,9.25
2024-02,East,Standard Pack,REP019,23,3334.39,76691.0,231000,1874.8,7.76
2023-02,West,Trial Pack,REP007,54,747.56,40368.36,28000,1175.2,12.5
2024-08,South,Trial Pack,REP018,84,818.51,68754.78,24800,4046.73,3.18
2023-08,Central,Standard Pack,REP002,52,2960.51,153946.75,228000,6032.6,7.76
2023-04,South,Standard Pack,REP008,14,2826.95,39577.32,189000,997.37,8.63
2024-05,Central,Standard Pack,REP006,27,2748.1,74198.67,144000,5604.85,12.18
2024-04,South,Trial Pack,REP012,51,767.51,39143.19,57600,2776.32,11.28
2023-05,East,Economy Pack,REP007,38,1627.88,61859.6,48000,223.27,14.0
2024-01,Central,Standard Pack,REP003,69,2947.0,203343.31,42000,10167.6,12.81
2024-07,Central,Bulk Pack,REP018,25,7970.9,199272.6,264000,13930.3,1.8
2024-08,West,Premium Pack,REP004,38,5114.61,194355.12,185000,2458.08,1.87
2024-11,South,Premium Pack,REP013,69,4899.2,338044.96,345000,25510.18,7.92
2023-07,East,Premium Pack,REP016,92,5154.21,474187.44,140000,24426.11,8.26
2024-03,South,Trial Pack,REP017,43,894.82,38477.09,59200,2748.81,10.79
2024-04,East,Standard Pack,REP020,85,2770.15,235463.14,42000,12990.18,10.19
2023-10,West,Premium Pack,REP011,30,4962.62,148878.55,285000,5732.11,9.26
2023-10,South,Standard Pack,REP005,78,3010.32,234805.02,99000,11889.28,6.3
2023-09,Central,Trial Pack,REP002,70,868.28,60779.69,40800,2417.35,2.02
2023-01,West,Trial Pack,REP012,79,837.47,66159.87,44800,3201.87,9.89
2023-05,South,Premium Pack,REP006,22,5649.97,124299.24,245000,2177.43,7.45
2023-10,North,Economy Pack,REP011,76,1396.93,106166.94,93000,2258.34,6.58
2024-12,West,Economy Pack,REP017,24,1364.94,32758.63,36000,2091.16,8.45
2024-04,East,Premium Pack,REP009,35,4500.95,157533.32,175000,8521.19,10.53
2024-12,East,Trial Pack,REP005,45,908.94,40902.34,44800,1537.27,8.32
2023-10,West,Premium Pack,REP006,31,5492.67,170272.67,355000,13075.81,10.18
2023-01,South,Bulk Pack,REP014,82,9038.83,741184.14,608000,40732.66,11.88
2023-12,Central,Standard Pack,REP009,37,2607.89,96491.83,180000,181.09,4.94
2024-12,East,Economy Pack,REP006,44,1630.45,71739.74,79500,533.92,8.84
2023-01,Central,Bulk Pack,REP011,23,8003.47,184079.9,160000,13110.94,5.76
2023-09,North,Standard Pack,REP003,7,3231.72,22622.01,96000,821.81,11.02
2023-11,West,Economy Pack,REP012,17,1653.47,28108.99,84000,1582.95,7.39
2024-06,West,Trial Pack,REP014,41,727.85,29841.91,55200,1512.47,3.73
2024-03,East,Standard Pack,REP020,42,2702.15,113490.38,72000,3946.35,4.96
2024-12,North,Economy Pack,REP011,52,1401.06,72855.14,109500,1854.39,3.29
2023-08,Central,Trial Pack,REP009,8,749.67,5997.34,20800,11.38,1.2
2023-04,Central,Premium Pack,REP016,14,5511.39,77159.4,190000,3771.22,12.3
2023-10,West,Standard Pack,REP013,17,3043.96,51747.28,126000,2339.28,14.23
2023-05,Central,Economy Pack,REP016,80,1319.32,105545.81,67500,6680.6,3.88
2023-08,Central,Standard Pack,REP002,16,3342.6,53481.63,48000,1503.29,3.97
2023-06,East,Premium Pack,REP010,56,5153.25,288582.18,325000,18140.34,14.21
2024-01,East,Bulk Pack,REP018,95,8923.22,847705.9,600000,67083.08,6.94
2024-10,North,Economy Pack,REP007,54,1426.97,77056.37,84000,4720.68,6.62
2023-05,Central,Trial Pack,REP006,6,846.87,5081.19,41600,273.98,8.12
2023-09,East,Standard Pack,REP016,47,3093.78,145407.89,30000,3776.66,5.94
2024-07,East,Standard Pack,REP008,59,2731.49,161157.89,111000,9093.98,7.7
2023-12,South,Premium Pack,REP010,31,4420.21,137026.52,170000,4595.86,2.91
2024-07,South,Standard Pack,REP014,57,3262.22,185946.39,171000,9411.8,12.94
2023-08,Central,Bulk Pack,REP008,83,7392.05,613540.34,416000,32097.06,13.84
2024-01,West,Premium Pack,REP019,31,5729.67,177619.82,240000,5341.93,8.02
2024-08,East,Trial Pack,REP010,75,696.92,52269.09,52800,3039.89,5.67
2024-10,North,Bulk Pack,REP016,87,8448.63,735030.44,96000,32923.08,4.51
2023-10,North,Premium Pack,REP004,57,5144.95,293261.91,315000,15741.71,11.31
2023-10,Central,Trial Pack,REP013,7,864.83,6053.82,12000,250.61,13.87
2023-07,South,Premium Pack,REP013,34,4295.51,146047.3,345000,3334.61,12.66
2024-08,South,Trial Pack,REP018,64,725.33,46421.05,52800,2457.17,14.99
2024-04,Central,Trial Pack,REP020,52,719.51,37414.55,50400,2140.82,2.57
2023-02,West,Trial Pack,REP015,48,912.94,43821.0,28000,472.27,2.26
2023-04,East,Bulk Pack,REP010,29,8780.46,254633.43,336000,6960.9,10.26
2024-09,West,Premium Pack,REP004,72,4936.47,355425.73,90000,20346.36,10.82
2023-05,Central,Trial Pack,REP016,26,854.02,22204.58,45600,1570.3,3.1
2023-06,East,Trial Pack,REP016,11,891.26,9803.86,14400,293.05,10.33
2023-03,West,Standard Pack,REP009,81,3227.68,261442.36,189000,13046.04,0.08
2023-07,West,Trial Pack,REP008,24,690.42,16569.97,62400,224.47,12.48
2023-05,North,Standard Pack,REP011,43,2968.25,127634.85,147000,5275.55,11.04
2024-04,West,Premium Pack,REP005,42,4519.17,189805.05,295000,598.41,8.81
2023-12,East,Trial Pack,REP016,86,847.57,72891.17,56000,1102.22,7.04
2024-04,South,Premium Pack,REP020,17,5165.59,87815.04,365000,4719.14,1.12
2024-01,West,Bulk Pack,REP002,61,9077.77,553743.76,536000,41349.74,5.45
2023-03,East,Premium Pack,REP019,79,5201.36,410907.81,90000,1110.74,8.9
2024-07,West,Bulk Pack,REP012,86,6905.82,593900.63,112000,6919.12,0.5
2023-10,West,Economy Pack,REP015,69,1700.82,117356.51,40500,2910.26,13.99
2023-05,Central,Premium Pack,REP010,88,5007.13,440627.57,70000,27716.99,13.23
2024-08,North,Bulk Pack,REP012,94,8290.0,779259.84,392000,30521.28,4.67
2023-01,East,Standard Pack,REP001,99,3168.64,313694.88,93000,17893.58,2.37
2023-10,East,Standard Pack,REP016,10,2853.5,28534.98,156000,305.76,14.16
2024-10,West,Economy Pack,REP004,26,1620.23,42125.87,112500,430.86,11.08
2024-05,Central,Standard Pack,REP010,17,3368.51,57264.75,231000,3538.95,2.56
2023-02,Central,Premium Pack,REP005,83,5470.74,454071.73,300000,8857.77,2.29
2023-08,North,Trial Pack,REP011,31,915.85,28391.2,56800,659.76,2.48
2024-12,West,Trial Pack,REP015,52,900.28,46814.74,9600,2107.19,12.04
2024-04,North,Economy Pack,REP004,49,1705.46,83567.39,109500,4648.72,1.59
2023-11,Central,Standard Pack,REP003,73,3392.72,247668.36,153000,8673.89,0.32
2024-12,North,Standard Pack,REP002,48,3007.07,144339.13,225000,7762.71,11.74
2024-05,Central,Trial Pack,REP005,27,802.71,21673.21,45600,389.92,7.79
2024-03,South,Trial Pack,REP007,71,876.14,62206.1,24000,1992.36,13.06
2023-03,North,Premium Pack,REP014,46,4321.28,198778.73,210000,11230.72,11.74
2024-07,Central,Economy Pack,REP013,30,1465.91,43977.32,16500,3335.43,1.03
2023-07,West,Standard Pack,REP013,85,2617.2,222461.62,69000,14591.14,8.31
2024-06,East,Premium Pack,REP017,39,4907.98,191411.34,110000,4885.97,11.51
2023-03,East,Bulk Pack,REP004,55,8076.77,444222.46,336000,7096.38,7.6
2024-12,East,Economy Pack,REP014,90,1709.63,153866.47,28500,6154.38,2.11
2024-10,North,Premium Pack,REP006,62,4971.07,308206.41,75000,5303.25,4.08
2023-04,North,Economy Pack,REP012,18,1334.69,24024.42,88500,1497.33,3.91
2023-05,South,Bulk Pack,REP008,61,8180.67,499020.93,200000,5016.6,2.08
2023-03,West,Trial Pack,REP006,23,825.11,18977.46,41600,27.87,4.68
2023-08,West,Bulk Pack,REP012,99,8441.66,835724.31,576000,45995.78,11.89
2024-01,North,Bulk Pack,REP005,8,7619.62,60956.94,424000,2805.03,14.78
2024-07,South,Premium Pack,REP017,20,5210.05,104200.91,310000,7713.07,2.2
2023-12,North,Standard Pack,REP011,15,3288.45,49326.7,45000,2981.03,4.01
2023-08,South,Premium Pack,REP011,38,4513.44,171510.71,140000,7318.63,7.72
2024-02,West,Trial Pack,REP004,85,897.44,76282.18,14400,4245.2,14.07
2024-06,West,Premium Pack,REP004,31,4299.58,133286.93,50000,213.38,3.79
2024-01,South,Trial Pack,REP009,34,850.89,28930.16,55200,2142.57,9.68
2023-03,West,Premium Pack,REP014,77,4550.01,350351.03,65000,13072.12,4.58
2023-10,East,Standard Pack,REP013,72,2564.16,184619.69,198000,1670.52,12.42
2023-08,East,Standard Pack,REP005,91,3238.4,294694.18,102000,10853.85,5.47
2023-04,Central,Standard Pack,REP016,23,3431.99,78935.71,180000,3004.0,8.05
2024-04,North,Standard Pack,REP015,32,2696.31,86281.93,93000,820.39,0.22
2023-01,North,Economy Pack,REP015,62,1458.93,90453.87,108000,835.07,6.1
2024-05,North,Economy Pack,REP018,96,1565.68,150305.11,52500,670.19,8.61
2024-03,Central,Standard Pack,REP008,74,2910.29,215361.41,126000,9640.87,9.98
2023-07,North,Trial Pack,REP014,41,727.4,29823.27,17600,416.53,4.29
2024-06,North,Economy Pack,REP006,36,1352.34,48684.08,51000,1629.46,11.68
2024-12,South,Premium Pack,REP008,38,5094.0,193572.16,390000,3363.88,10.71
2024-01,South,Bulk Pack,REP007,67,8126.01,544442.56,456000,31231.31,1.26
2024-06,East,Bulk Pack,REP018,84,8705.75,731282.62,536000,33538.18,3.3
2023-09,Central,Trial Pack,REP004,13,769.52,10003.78,48000,329.13,13.95
2023-06,East,Standard Pack,REP020,20,3071.84,61436.79,195000,90.13,1.91
2023-08,East,Premium Pack,REP002,82,4433.78,363569.85,130000,10678.27,13.62
2024-04,Central,Trial Pack,REP017,44,805.25,35431.0,52800,1507.69,1.38
2023-02,North,Premium Pack,REP016,35,4717.01,165095.31,210000,1360.94,3.41
2024-11,West,Standard Pack,REP013,84,3337.05,280312.6,162000,15184.0,2.98
2024-12,West,Trial Pack,REP020,83,782.58,64953.97,61600,1401.95,7.67
2023-02,North,Standard Pack,REP019,51,2868.23,146279.83,210000,9380.7,11.88
2024-07,Central,Standard Pack,REP017,31,2985.84,92561.03,225000,1.37,5.44
2024-09,Central,Standard Pack,REP007,70,3224.66,225726.42,234000,6081.84,8.52
2023-02,North,Trial Pack,REP007,24,792.82,19027.75,34400,1263.71,14.26
2024-11,East,Bulk Pack,REP020,43,7548.8,324598.53,384000,24751.73,9.12
2023-03,North,Economy Pack,REP017,46,1493.28,68690.99,118500,684.79,12.86
2024-12,North,Standard Pack,REP005,65,2745.43,178452.71,192000,10602.39,2.7
2024-04,East,Economy Pack,REP019,35,1417.68,49618.9,79500,214.23,11.44
2024-10,West,Premium Pack,REP008,50,4748.98,237449.24,100000,11864.81,6.25
2024-12,Central,Trial Pack,REP014,98,824.99,80848.64,13600,6056.19,8.87
2024-11,South,Economy Pack,REP016,17,1676.76,28504.89,46500,616.27,7.57
2023-02,Central,Premium Pack,REP019,73,4687.28,342171.1,195000,23726.53,7.79
2024-05,West,Premium Pack,REP003,50,5087.2,254360.06,260000,12603.06,3.48
2023-03,West,Economy Pack,REP004,84,1673.19,140548.24,90000,10161.83,6.15
2024-12,West,Standard Pack,REP013,58,3024.09,175397.34,78000,7533.99,10.92
2024-11,Central,Standard Pack,REP008,95,2683.32,254915.45,66000,4961.13,13.16
2024-08,South,Economy Pack,REP015,23,1720.67,39575.38,94500,274.65,5.06
2024-07,West,Standard Pack,REP007,7,2783.32,19483.21,33000,917.17,8.35
2024-03,North,Standard Pack,REP020,66,2754.3,181783.88,147000,4544.43,5.22
2023-12,North,Economy Pack,REP014,56,1447.27,81047.17,108000,4673.61,3.62
2024-05,South,Bulk Pack,REP002,76,9155.4,695810.23,528000,11761.14,7.24
2024-03,West,Premium Pack,REP003,71,5199.97,369197.75,275000,7764.4,0.54
2024-11,East,Premium Pack,REP014,70,4507.54,315527.87,135000,18856.16,13.74
2024-09,West,Economy Pack,REP002,84,1675.8,140767.2,97500,171.32,12.92
2024-12,South,Premium Pack,REP007,86,4598.5,395471.29,250000,13924.63,1.85
2023-12,West,Premium Pack,REP020,50,5100.74,255037.23,80000,649.97,7.04
2024-11,Central,Bulk Pack,REP013,97,6970.77,676164.94,328000,42405.02,7.79
2024-08,West,Trial Pack,REP018,43,737.65,31719.14,37600,1255.06,7.35
2024-09,West,Economy Pack,REP017,77,1650.26,127070.21,91500,8238.92,12.42
2024-07,East,Premium Pack,REP020,83,4766.84,395647.96,365000,27653.35,6.93
2024-07,North,Premium Pack,REP013,74,4886.59,361607.99,300000,1875.57,11.44
2023-11,South,Economy Pack,REP016,43,1517.36,65246.59,39000,1962.41,9.6
2023-04,East,Economy Pack,REP015,40,1281.04,51241.61,33000,2584.22,4.52
2023-04,South,Bulk Pack,REP016,89,9030.27,803694.35,496000,63382.99,10.01
2024-11,East,Standard Pack,REP019,47,2704.89,127129.82,180000,3269.4,2.39
2023-09,East,Trial Pack,REP020,27,884.29,23875.82,44800,226.64,8.56
2024-01,Central,Trial Pack,REP005,88,810.05,71284.51,25600,1613.58,3.57
2024-01,Central,Trial Pack,REP002,54,726.5,39230.86,23200,1608.75,4.96
2024-03,East,Economy Pack,REP006,64,1536.28,98321.85,40500,3296.34,0.25
2023-07,West,Standard Pack,REP012,40,3203.56,128142.56,102000,9912.95,2.4
2023-05,East,Trial Pack,REP009,70,847.77,59343.66,26400,192.22,6.04
2023-09,South,Economy Pack,REP011,85,1581.69,134443.37,37500,7196.27,14.14
2023-06,West,Economy Pack,REP012,67,1689.6,113202.89,31500,4087.41,5.76
2023-10,East,Trial Pack,REP005,31,689.89,21386.66,46400,1420.39,5.41
2024-04,South,Standard Pack,REP015,59,3382.98,199595.61,102000,1740.47,1.62
2023-05,West,Economy Pack,REP006,15,1417.47,21262.03,31500,602.17,12.31
2024-11,West,Premium Pack,REP006,11,5357.73,58934.99,100000,3869.09,1.92
2023-06,South,Standard Pack,REP014,45,3367.23,151525.41,159000,52.66,9.68
2023-12,West,Standard Pack,REP009,89,2723.52,242393.5,186000,13753.83,7.98
2023-02,West,Trial Pack,REP001,27,781.46,21099.48,49600,427.47,14.33
2024-05,South,Bulk Pack,REP007,94,7793.76,732613.7,328000,17623.11,8.26
2024-06,West,Standard Pack,REP013,28,2850.25,79807.1,102000,1596.5,6.26
2024-08,South,Premium Pack,REP004,68,5712.6,388457.03,125000,15168.23,13.91
2024-02,South,Bulk Pack,REP001,59,7483.22,441509.89,392000,16613.04,4.76
2023-05,South,Bulk Pack,REP007,98,8238.63,807385.56,224000,61856.29,13.02
2023-01,South,Premium Pack,REP014,42,5462.12,229408.89,150000,6699.2,13.57
2023-09,West,Economy Pack,REP011,51,1559.85,79552.34,112500,3265.27,12.21
2023-12,South,Premium Pack,REP003,14,4631.33,64838.57,260000,4634.37,2.91
2024-09,Central,Trial Pack,REP012,9,799.31,7193.82,21600,270.8,14.23
2023-02,South,Economy Pack,REP009,28,1465.5,41033.92,70500,914.94,2.38
2024-05,South,Economy Pack,REP018,27,1530.53,41324.27,78000,2017.21,2.31
2024-03,West,Trial Pack,REP013,69,749.28,51700.31,26400,800.5,8.31
2024-11,West,Economy Pack,REP006,39,1398.63,54546.62,66000,2622.71,4.91
2023-09,Central,Bulk Pack,REP011,8,8810.55,70484.4,432000,5635.17,10.06
2023-02,East,Standard Pack,REP011,40,2859.99,114399.41,75000,8521.01,9.35
2023-06,South,Economy Pack,REP007,31,1551.09,48083.71,82500,1830.96,14.91
2024-06,West,Economy Pack,REP013,43,1681.31,72296.13,94500,2141.82,0.3
2023-09,Central,Trial Pack,REP014,77,684.03,52670.6,39200,681.4,5.53
2024-03,North,Economy Pack,REP002,82,1532.44,125660.48,84000,8449.95,10.24
2024-07,East,Standard Pack,REP017,32,2998.86,95963.43,171000,2728.71,3.77
2024-07,Central,Economy Pack,REP005,98,1547.94,151697.79,100500,10144.45,12.22
2024-01,South,Standard Pack,REP010,55,2558.11,140695.78,75000,1550.22,9.18
2024-03,South,Standard Pack,REP013,26,2818.24,73274.18,204000,4629.33,3.23
2024-10,North,Premium Pack,REP015,64,5399.84,345589.5,320000,17682.08,1.01
2024-11,North,Standard Pack,REP017,67,3178.63,212968.37,144000,5624.27,4.83
2023-09,West,Bulk Pack,REP013,30,9059.02,271770.59,192000,14760.47,13.1
2023-11,Central,Standard Pack,REP003,7,2950.91,20656.39,117000,50.87,11.23
2023-06,South,Bulk Pack,REP016,64,7605.89,486776.82,216000,21910.96,7.19
2023-06,West,Economy Pack,REP016,88,1415.0,124520.38,100500,4079.0,14.3
2024-11,North,Economy Pack,REP013,59,1470.93,86784.59,42000,3997.09,8.75
2023-07,West,Bulk Pack,REP014,38,6848.06,260226.15,472000,2453.62,14.37
2023-06,Central,Premium Pack,REP009,13,5065.9,65856.76,155000,3110.01,9.45
2024-02,East,Standard Pack,REP008,25,2794.39,69859.76,156000,5457.35,13.53
2024-04,West,Premium Pack,REP012,75,5591.57,419368.1,55000,18580.89,7.95
2023-10,West,Premium Pack,REP006,98,5415.15,530684.94,300000,25204.89,9.59
2023-09,Central,Economy Pack,REP020,6,1300.52,7803.1,81000,131.49,14.23
2023-01,Central,Standard Pack,REP015,36,2736.97,98531.08,189000,5898.61,13.03
2024-03,East,Economy Pack,REP009,41,1450.3,59462.18,91500,1889.51,3.18
2024-08,South,Premium Pack,REP003,72,4259.74,306701.46,85000,14059.88,0.36
2023-07,South,Premium Pack,REP012,86,5118.67,440205.74,280000,26146.73,3.3
2023-05,South,Bulk Pack,REP009,58,8612.23,499509.08,400000,30554.72,2.52
2024-06,Central,Premium Pack,REP008,61,5667.68,345728.25,185000,8042.8,10.31
2023-12,East,Premium Pack,REP018,63,5269.09,331952.68,215000,9621.2,4.78
2023-07,West,Trial Pack,REP015,56,723.4,40510.2,26400,1445.77,8.47
2023-10,North,Trial Pack,REP014,6,850.91,5105.45,28800,56.85,0.05
2024-12,North,Premium Pack,REP017,88,4584.12,403402.78,80000,14106.97,10.58
2023-12,North,Premium Pack,REP013,90,5636.95,507325.55,355000,9176.47,12.7
2024-12,West,Bulk Pack,REP010,6,9092.24,54553.42,184000,3539.89,13.18
2024-12,West,Bulk Pack,REP014,93,7119.2,662085.28,360000,23468.32,2.49
2023-07,Central,Economy Pack,REP007,38,1602.53,60895.96,84000,1543.09,11.25
2024-06,South,Premium Pack,REP014,18,4677.7,84198.6,65000,75.14,3.63
2024-02,South,Premium Pack,REP010,65,5745.27,373442.77,95000,20726.31,5.92
2023-08,North,Premium Pack,REP004,75,4796.23,359717.19,70000,17378.02,2.18
2024-06,North,Premium Pack,REP019,17,5414.23,92041.87,100000,1068.5,7.38
2024-01,East,Bulk Pack,REP001,12,6989.91,83878.92,632000,5885.98,13.02
2023-09,Central,Premium Pack,REP010,78,5086.65,396758.48,190000,9042.01,11.29
2024-09,Central,Economy Pack,REP017,50,1296.54,64826.98,93000,5066.02,11.1
2024-05,East,Bulk Pack,REP007,85,8210.15,697862.6,632000,26934.79,8.96
2024-04,Central,Trial Pack,REP012,98,744.8,72990.45,19200,1757.36,11.23
2024-01,West,Standard Pack,REP014,99,2830.91,280259.84,114000,20559.39,10.6
2024-10,South,Standard Pack,REP014,77,2557.93,196960.87,90000,13594.85,7.64
2023-09,Central,Trial Pack,REP008,79,841.2,66454.79,59200,3569.73,3.79
2024-02,Central,Premium Pack,REP006,36,4350.2,156607.04,95000,7457.0,9.87
2023-12,East,Bulk Pack,REP016,42,8094.51,339969.44,488000,17525.17,11.36
2023-03,East,Trial Pack,REP011,99,848.07,83959.28,58400,2886.49,7.41
2024-06,East,Bulk Pack,REP020,13,8473.91,110160.79,272000,225.89,13.87
2023-09,Central,Economy Pack,REP014,25,1301.94,32548.59,69000,665.11,7.6
2024-02,North,Trial Pack,REP015,56,689.22,38596.44,8000,2467.31,7.84
2023-05,West,Standard Pack,REP018,6,3431.19,20587.16,120000,825.08,5.62
2023-05,East,Trial Pack,REP011,9,850.09,7650.85,36000,498.26,9.09
2023-02,North,Bulk Pack,REP017,78,7005.95,546463.78,216000,32941.01,7.88
2024-04,South,Standard Pack,REP018,84,3449.4,289749.34,48000,6510.86,13.65
2024-09,East,Economy Pack,REP013,48,1457.3,69950.21,34500,5216.39,5.62
2023-03,West,Bulk Pack,REP003,48,8614.2,413481.74,616000,7755.23,10.97
2024-01,South,Economy Pack,REP016,37,1411.24,52215.75,42000,3992.75,12.01
2024-03,North,Standard Pack,REP020,8,3097.88,24783.06,42000,317.97,9.71
2024-09,Central,Trial Pack,REP011,59,681.37,40201.01,18400,2595.05,4.41
2024-06,East,Bulk Pack,REP012,86,6944.53,597229.48,472000,30722.1,6.98
2023-02,South,Bulk Pack,REP016,81,7794.68,631368.68,352000,46630.81,12.08
2023-03,East,Bulk Pack,REP020,59,7512.12,443215.19,392000,27484.52,6.5
2023-07,South,Trial Pack,REP006,96,885.99,85055.45,36000,137.99,9.33
2024-02,North,Economy Pack,REP018,79,1427.77,112794.01,114000,7451.25,5.27
2024-03,East,Economy Pack,REP020,96,1289.68,123809.37,15000,3997.26,10.54
2024-02,South,Bulk Pack,REP002,22,7747.49,170444.78,112000,6618.33,5.31
2024-06,West,Standard Pack,REP017,26,2920.4,75930.4,135000,4495.99,6.72
2024-02,East,Bulk Pack,REP004,32,8490.28,271689.03,360000,15054.04,8.88
2023-12,Central,Standard Pack,REP008,60,2584.0,155040.28,108000,7086.75,3.81
2023-06,Central,Economy Pack,REP008,13,1353.73,17598.43,24000,506.05,13.9
2024-03,Central,Economy Pack,REP007,10,1539.65,15396.47,99000,169.85,8.87
2023-11,South,Economy Pack,REP003,66,1579.23,104228.86,51000,767.94,3.61
2024-10,South,Premium Pack,REP015,14,5540.98,77573.69,190000,5779.34,5.97
2024-03,South,Bulk Pack,REP020,71,7904.78,561239.72,88000,37825.66,6.99
2023-01,East,Bulk Pack,REP001,43,6837.61,294017.39,280000,17130.99,11.98
2024-02,West,Bulk Pack,REP012,95,9124.24,866802.33,408000,48238.6,13.86
2024-12,North,Standard Pack,REP007,45,2830.05,127352.26,138000,3936.87,6.09
2023-08,North,Standard Pack,REP013,97,3035.41,294435.1,42000,18897.76,14.82
2023-10,West,Premium Pack,REP008,9,4808.42,43275.78,130000,2613.78,1.33
2023-06,Central,Trial Pack,REP015,29,699.65,20289.76,60000,864.1,4.02
2023-04,West,Economy Pack,REP002,94,1474.67,138619.16,36000,5889.76,6.12
2023-09,Central,Economy Pack,REP012,39,1423.29,55508.46,82500,2248.63,5.71
2024-10,West,Trial Pack,REP008,7,814.4,5700.81,29600,350.69,10.33
2023-07,North,Bulk Pack,REP014,50,7307.36,365368.02,192000,9193.17,10.5
2023-08,Central,Economy Pack,REP004,82,1307.38,107204.82,49500,6574.85,5.43
2023-06,East,Trial Pack,REP003,79,807.76,63812.99,45600,3275.5,3.14
2023-04,East,Trial Pack,REP012,61,721.39,44004.54,26400,3267.66,7.93
2024-01,Central,Bulk Pack,REP015,80,7690.56,615244.43,552000,1710.38,13.33
2024-09,North,Premium Pack,REP012,62,5012.52,310776.29,370000,19284.41,4.32
2023-03,South,Bulk Pack,REP002,94,8959.96,842236.23,520000,24562.44,11.79
2023-06,West,Premium Pack,REP014,41,5180.05,212381.94,290000,7973.37,5.2
2024-10,North,Trial Pack,REP016,24,857.49,20579.66,44800,684.33,12.48
2024-03,Central,Economy Pack,REP015,33,1296.43,42782.09,115500,2300.32,3.78
2024-03,West,Economy Pack,REP010,44,1432.5,63030.14,34500,311.02,3.13
2024-04,South,Premium Pack,REP012,14,5092.52,71295.31,255000,3162.73,9.0
2024-10,Central,Premium Pack,REP015,82,5335.7,437527.74,310000,19918.61,5.74
2024-12,East,Standard Pack,REP009,66,2688.11,177415.34,171000,892.41,9.34
2023-06,West,Trial Pack,REP011,9,797.13,7174.21,44800,294.1,9.31
2023-05,North,Standard Pack,REP014,73,3373.93,246296.58,195000,4498.97,0.37
2024-04,Central,Bulk Pack,REP020,86,8386.71,721257.35,496000,48172.02,4.41
2024-05,North,Trial Pack,REP018,44,903.64,39760.08,9600,208.75,6.02
2024-11,West,Standard Pack,REP013,76,3398.49,258285.6,114000,13151.3,5.91
2024-05,North,Trial Pack,REP013,71,687.46,48809.85,16000,2123.42,10.06
2023-06,East,Trial Pack,REP009,32,762.4,24396.95,37600,925.86,5.27
2024-02,North,Economy Pack,REP015,85,1680.78,142866.62,58500,6517.44,5.49
2023-08,Central,Economy Pack,REP008,23,1550.54,35662.44,96000,715.79,8.91
2023-12,East,Trial Pack,REP014,58,891.57,51711.1,38400,620.1,1.35
2023-12,East,Trial Pack,REP003,83,738.71,61312.68,12800,3734.43,3.94
2024-07,West,Trial Pack,REP008,36,727.93,26205.65,38400,1289.58,0.71
2024-08,East,Trial Pack,REP002,47,884.75,41583.48,58400,1019.96,12.51
2023-07,North,Premium Pack,REP002,8,4424.6,35396.8,55000,2051.71,9.68
2024-02,West,Premium Pack,REP010,53,4463.43,236561.75,360000,8959.73,12.04
2023-08,Central,Standard Pack,REP008,22,3208.09,70578.03,183000,2568.82,5.34
2024-05,South,Premium Pack,REP018,35,4597.85,160924.81,215000,8182.98,2.23
2024-05,East,Premium Pack,REP016,33,5635.53,185972.62,130000,7481.96,6.95
2023-02,East,Standard Pack,REP016,14,2702.9,37840.57,93000,2176.64,12.01
2024-07,North,Economy Pack,REP003,16,1340.2,21443.27,93000,1023.52,10.87
2023-10,North,Bulk Pack,REP015,55,8368.73,460279.89,552000,4688.2,11.73
2023-07,South,Standard Pack,REP018,8,3232.61,25860.88,93000,1556.77,14.06
2023-06,North,Premium Pack,REP017,30,4578.47,137354.11,235000,715.72,6.51
2023-12,West,Premium Pack,REP014,50,5574.46,278723.16,105000,5079.47,2.99
2023-02,East,Premium Pack,REP010,22,4277.82,94112.09,335000,2125.63,7.22
2023-04,North,Bulk Pack,REP002,23,8273.35,190287.05,248000,9653.32,1.9
2023-03,West,Trial Pack,REP013,44,715.35,31475.21,21600,2102.05,0.8
2024-03,Central,Standard Pack,REP005,77,3005.38,231414.64,57000,2214.74,6.25
2024-12,North,Premium Pack,REP017,28,5274.62,147689.37,105000,6264.95,10.56
2023-10,North,Economy Pack,REP020,10,1649.1,16490.96,73500,132.21,10.11
2023-04,Central,Trial Pack,REP020,45,915.06,41177.73,59200,1672.75,7.44
2023-02,West,Trial Pack,REP019,9,733.74,6603.62,60800,334.44,8.31
2023-03,Central,Premium Pack,REP003,83,5542.66,460040.84,190000,9837.33,4.16
2023-09,Central,Bulk Pack,REP008,18,7041.66,126749.96,232000,2337.78,7.05
2024-01,North,Bulk Pack,REP007,32,7566.22,242118.91,328000,6515.3,10.08
2024-05,Central,Trial Pack,REP010,84,883.66,74227.22,60800,916.94,12.34
2024-01,South,Bulk Pack,REP013,85,8542.65,726125.64,176000,48150.68,9.05
2024-03,Central,Economy Pack,REP004,56,1387.36,77691.95,81000,5862.54,10.84
2024-11,North,Standard Pack,REP016,47,3041.42,142946.84,117000,609.98,5.98
2024-02,Central,Premium Pack,REP017,19,4761.37,90466.12,315000,2571.17,1.64
2024-10,North,Standard Pack,REP009,43,3109.08,133690.45,192000,6398.29,12.82
2024-07,Central,Bulk Pack,REP014,71,7701.56,546810.54,360000,34995.51,14.04
2023-04,Central,Standard Pack,REP018,69,2881.11,198796.77,213000,1758.62,12.58
2024-03,North,Premium Pack,REP012,14,4375.52,61257.3,85000,3837.64,5.25
2024-07,South,Bulk Pack,REP012,43,8225.85,353711.6,512000,23564.51,1.82
2023-10,South,Bulk Pack,REP001,54,8270.72,446618.95,112000,33766.2,8.22
2024-05,North,Trial Pack,REP020,18,862.65,15527.78,14400,701.62,12.91
2024-09,West,Trial Pack,REP009,23,709.48,16318.08,12000,1055.28,3.95
2023-03,North,Bulk Pack,REP015,51,8610.5,439135.62,536000,18286.56,10.86
2024-07,West,Economy Pack,REP003,61,1701.57,103795.88,106500,5645.14,12.17
2023-07,Central,Economy Pack,REP018,56,1425.8,79844.77,67500,3356.99,7.93
2024-09,Central,Premium Pack,REP005,68,5445.48,370292.74,135000,4475.83,10.51
2023-06,Central,Premium Pack,REP011,38,5304.96,201588.4,180000,10254.79,14.07
2023-03,Central,Economy Pack,REP006,96,1382.54,132724.22,106500,10297.5,0.38
2024-12,South,Premium Pack,REP004,28,4324.88,121096.74,240000,5551.01,6.88
2024-06,North,Bulk Pack,REP016,20,9029.47,180589.44,632000,4618.0,5.72
2023-12,North,Bulk Pack,REP013,62,7761.58,481217.89,328000,31662.25,7.57
2023-11,South,Standard Pack,REP004,93,2564.88,238534.16,198000,6854.39,8.71
2024-03,South,Trial Pack,REP004,54,693.05,37424.59,15200,1365.02,12.21
2023-12,Central,Bulk Pack,REP009,50,8676.19,433809.5,280000,10599.2,10.44
2024-05,East,Economy Pack,REP014,53,1672.87,88661.91,15000,7037.97,5.95
2023-02,East,Premium Pack,REP003,44,4577.4,201405.79,375000,14291.55,2.98
2024-08,Central,Trial Pack,REP006,48,855.02,41041.15,56800,2145.59,4.19
2024-04,Central,Bulk Pack,REP020,13,6907.85,89801.99,304000,3335.36,13.91
2023-11,East,Trial Pack,REP012,39,798.92,31157.97,24800,1388.29,9.92
2023-02,Central,Bulk Pack,REP004,86,6967.49,599203.79,344000,41046.31,1.76
2024-02,South,Economy Pack,REP013,59,1335.6,78800.2,69000,1963.11,1.82
2023-03,West,Standard Pack,REP020,22,3426.54,75383.92,186000,1161.09,11.18
2023-10,North,Economy Pack,REP002,88,1458.31,128331.25,40500,4613.27,10.63
2024-06,West,Trial Pack,REP013,67,757.36,50743.12,46400,1248.13,14.77
2023-01,North,Trial Pack,REP015,54,694.54,37504.89,32800,2145.94,0.55
2023-04,Central,Premium Pack,REP001,75,5653.81,424035.52,135000,11284.35,1.27
2023-02,North,Bulk Pack,REP013,27,7068.32,190844.66,416000,3796.92,6.48
2024-04,East,Premium Pack,REP018,31,4265.35,132225.87,390000,8446.53,14.47
2023-02,East,Standard Pack,REP005,52,2694.09,140092.5,96000,3318.31,8.42
2024-08,West,Bulk Pack,REP005,28,8557.04,239597.01,232000,11096.92,6.45
2023-12,North,Trial Pack,REP017,21,840.85,17657.82,22400,258.36,7.05
2023-12,East,Standard Pack,REP002,94,3447.48,324063.5,78000,4592.25,5.45
2024-11,Central,Bulk Pack,REP006,67,8065.77,540406.29,304000,30930.99,10.53
2023-06,East,Bulk Pack,REP016,56,7377.28,413127.92,600000,7336.99,5.14
2024-08,West,Trial Pack,REP016,56,837.61,46906.35,36000,3412.97,2.83
2024-01,Central,Standard Pack,REP008,75,2769.01,207675.71,93000,700.29,6.81
2024-06,South,Standard Pack,REP014,78,3029.88,236330.69,105000,16462.35,9.51
2024-02,South,Trial Pack,REP008,12,827.82,9933.88,20800,704.7,10.06
2024-04,East,Bulk Pack,REP015,10,7554.18,75541.8,576000,5652.16,5.48
2024-03,Central,Standard Pack,REP020,83,3261.22,270681.26,99000,11519.58,5.35
2023-06,North,Trial Pack,REP001,93,849.79,79030.39,32800,5933.36,11.84
2024-12,East,Bulk Pack,REP002,25,8311.21,207780.36,232000,7553.39,7.11
2023-08,West,Premium Pack,REP012,63,5454.69,343645.23,120000,7559.35,2.08
2024-08,South,Premium Pack,REP012,8,4504.59,36036.68,80000,342.7,12.74
2023-01,North,Bulk Pack,REP004,69,8144.91,561998.9,344000,26962.65,5.25
2023-03,North,Premium Pack,REP017,25,4693.72,117343.0,60000,4511.8,8.41
2023-07,South,Economy Pack,REP011,14,1512.04,21168.5,79500,680.79,14.36
2024-07,West,Bulk Pack,REP015,34,7795.43,265044.77,240000,15306.11,13.26
2024-06,West,Economy Pack,REP005,52,1530.19,79569.67,64500,4674.77,10.29
2024-09,North,Bulk Pack,REP013,46,7881.06,362528.69,520000,24844.9,8.9
2024-06,East,Premium Pack,REP017,36,4366.23,157184.23,80000,5532.96,5.69
2023-05,West,Standard Pack,REP010,35,3351.36,117297.56,105000,852.41,1.93
2023-01,Central,Trial Pack,REP020,24,878.3,21079.24,39200,165.91,4.91
2023-08,Central,Standard Pack,REP016,97,2567.76,249072.61,132000,16824.67,12.67
2024-10,Central,Standard Pack,REP020,33,3009.9,99326.84,225000,361.27,2.37
2024-11,North,Bulk Pack,REP012,99,7813.17,773504.07,464000,27463.28,3.69
2024-06,South,Premium Pack,REP004,55,4487.2,246795.94,375000,8836.13,13.76
2024-09,North,Bulk Pack,REP008,99,8077.18,799640.62,136000,25685.5,6.44
2024-11,East,Trial Pack,REP009,11,684.58,7530.42,11200,412.55,12.57
2023-02,Central,Standard Pack,REP020,43,3161.99,135965.44,222000,8415.49,7.93
2023-09,South,Standard Pack,REP020,73,3262.42,238156.48,156000,17673.93,12.32
2024-06,North,Premium Pack,REP011,13,4359.02,56667.31,270000,791.28,1.06
2023-08,South,Trial Pack,REP012,79,802.43,63392.23,18400,3799.05,8.48
2023-11,East,Standard Pack,REP001,92,3231.31,297280.58,72000,5155.18,0.73
2023-12,West,Economy Pack,REP002,11,1555.58,17111.36,72000,1155.91,6.8
2023-03,East,Bulk Pack,REP017,7,8740.3,61182.13,576000,1359.54,4.95
2023-07,South,Bulk Pack,REP009,50,8023.7,401184.89,552000,14027.93,1.86
2023-06,South,Trial Pack,REP003,70,710.09,49706.4,48000,126.41,10.11
2023-03,South,Premium Pack,REP006,86,4352.4,374306.3,240000,28681.42,6.06
2023-12,West,Standard Pack,REP008,77,3154.0,242858.1,189000,11286.37,9.38
2024-11,South,Standard Pack,REP003,96,3114.7,299010.73,90000,10537.66,3.79
2024-01,North,Economy Pack,REP010,39,1552.42,60544.21,42000,1672.35,5.1
2024-05,West,Standard Pack,REP018,64,2576.08,164869.28,69000,10515.23,4.53
2023-02,West,Premium Pack,REP019,89,5702.34,507508.44,315000,29344.63,4.01
2023-07,North,Standard Pack,REP013,78,2975.73,232107.07,57000,14649.69,11.4
2024-10,East,Trial Pack,REP001,23,760.21,17484.77,56800,810.27,8.68
2024-12,South,Bulk Pack,REP010,70,7072.53,495077.16,376000,13769.95,11.44
2023-10,Central,Premium Pack,REP002,71,4401.32,312493.94,95000,11304.35,11.62
2024-09,North,Economy Pack,REP005,93,1287.72,119757.88,87000,7460.8,11.05
2023-06,North,Trial Pack,REP007,11,697.5,7672.5,28800,132.11,4.86
2023-02,South,Standard Pack,REP010,37,3401.85,125868.53,69000,2327.82,5.16
2024-01,Central,Bulk Pack,REP006,54,7676.12,414510.65,520000,11525.33,9.22
2023-09,South,Economy Pack,REP013,48,1292.1,62020.75,96000,2405.3,1.59
2023-04,Central,Economy Pack,REP005,53,1645.39,87205.83,15000,4903.42,9.21
2024-08,North,Trial Pack,REP007,61,736.01,44896.91,46400,191.55,14.48
2023-04,Central,Trial Pack,REP013,94,912.67,85791.31,39200,5439.18,1.96
2024-09,North,Trial Pack,REP009,6,894.55,5367.29,48000,99.87,9.25
2023-03,East,Economy Pack,REP009,14,1474.29,20640.08,88500,8.21,10.17
2023-06,North,Standard Pack,REP001,66,2852.5,188264.84,78000,7312.14,5.03
2024-05,North,Premium Pack,REP009,16,4594.38,73510.1,315000,397.27,0.49
2023-04,Central,Premium Pack,REP002,76,4308.73,327463.16,80000,1387.73,12.83
2023-09,West,Trial Pack,REP006,5,705.08,3525.41,8000,2.57,11.64
2023-03,North,Premium Pack,REP007,25,5052.61,126315.27,210000,6020.77,4.72
2024-02,West,Bulk Pack,REP012,85,7786.5,661852.68,488000,23640.21,1.03
2023-10,South,Standard Pack,REP017,76,3062.84,232776.06,105000,1446.42,13.95
2024-08,East,Premium Pack,REP007,28,5176.9,144953.25,300000,2504.62,10.93
2024-08,West,Bulk Pack,REP004,68,8633.63,587086.86,528000,15921.0,5.7
2024-05,East,Standard Pack,REP010,71,3433.69,243791.96,72000,9577.47,8.99
2024-07,West,Trial Pack,REP016,34,762.68,25931.14,42400,568.39,7.58
2023-09,West,Trial Pack,REP008,26,843.12,21921.17,24800,1503.27,5.63
2024-04,Central,Economy Pack,REP010,9,1683.14,15148.25,51000,1170.77,13.28
2024-10,West,Economy Pack,REP018,57,1297.08,73933.35,91500,760.55,1.37
2023-01,East,Bulk Pack,REP001,67,7781.15,521337.27,384000,8342.07,14.6
2024-12,Central,Economy Pack,REP001,37,1664.12,61572.49,63000,768.02,11.85
2023-09,West,Premium Pack,REP018,15,5532.39,82985.83,315000,3631.87,14.33
2024-08,South,Economy Pack,REP006,36,1630.6,58701.5,25500,3678.37,6.48
2024-08,West,Bulk Pack,REP009,76,7993.71,607522.32,576000,40868.71,0.75
2023-03,Central,Bulk Pack,REP017,52,8988.21,467386.94,568000,32321.23,10.4
2024-09,South,Standard Pack,REP015,10,3046.34,30463.41,195000,501.13,11.34
2023-04,West,Premium Pack,REP019,47,4429.93,208206.91,250000,13782.98,5.4
2024-03,North,Trial Pack,REP014,38,809.17,30748.39,35200,1568.48,4.56
2024-06,West,Bulk Pack,REP019,46,7321.42,336785.22,384000,26383.44,9.82
2024-03,West,Bulk Pack,REP012,86,7228.53,621653.31,416000,42429.17,10.73
2024-06,Central,Trial Pack,REP013,9,716.11,6444.97,58400,350.11,12.48
2023-05,West,Premium Pack,REP011,28,5728.96,160410.82,150000,11376.73,8.43
2024-03,West,Bulk Pack,REP008,66,7386.69,487521.23,600000,5046.08,7.67
2024-01,North,Premium Pack,REP001,16,4313.79,69020.59,325000,1702.85,13.15
2024-03,West,Trial Pack,REP018,63,715.92,45103.06,19200,2633.71,13.07
2024-03,East,Trial Pack,REP003,75,738.75,55406.56,8000,605.9,8.27
2024-08,North,Economy Pack,REP018,45,1581.68,71175.67,19500,2282.97,6.46
2024-10,South,Standard Pack,REP016,6,2608.29,15649.77,75000,31.72,8.56
2023-02,East,Standard Pack,REP005,6,3273.96,19643.74,213000,527.89,2.01
2024-11,West,Standard Pack,REP020,29,3037.89,88098.72,207000,3607.16,10.77
2023-07,West,Trial Pack,REP002,58,904.88,52483.18,41600,4016.22,3.02
2024-07,South,Economy Pack,REP005,57,1437.19,81919.56,30000,2835.35,7.02
2024-06,Central,Bulk Pack,REP001,58,7620.1,441965.99,112000,9637.44,13.73
2023-12,Central,Premium Pack,REP004,73,5229.91,381783.24,195000,4564.05,8.7
2024-09,Central,Bulk Pack,REP020,49,6988.84,342453.2,112000,16896.31,9.39
2023-06,South,Trial Pack,REP013,97,753.53,73092.55,17600,3759.48,12.92
2023-08,West,Premium Pack,REP019,65,5737.57,372942.14,175000,15842.68,10.24
2023-09,Central,Economy Pack,REP019,38,1447.13,54990.78,93000,2959.44,11.76
2024-02,West,Standard Pack,REP005,19,2667.78,50687.77,69000,3922.5,12.17
2023-08,East,Trial Pack,REP009,79,688.38,54381.82,28800,2487.84,1.44
2024-07,Central,Premium Pack,REP020,58,4574.74,265334.68,390000,4426.37,11.48
2024-12,Central,Economy Pack,REP008,55,1562.41,85932.8,108000,2926.95,1.13
2023-07,West,Premium Pack,REP019,7,4956.14,34692.98,65000,2277.73,6.77
2024-05,North,Premium Pack,REP020,18,5416.0,97488.0,180000,2105.78,0.52
2023-08,North,Bulk Pack,REP010,33,8052.86,265744.25,592000,2878.09,2.34
2023-09,West,Bulk Pack,REP009,24,8535.13,204843.1,360000,5076.38,3.6
2023-09,North,Trial Pack,REP009,41,857.17,35143.81,17600,782.95,1.43
2023-05,South,Premium Pack,REP007,25,5369.63,134240.72,255000,10492.67,4.09
2024-02,North,Trial Pack,REP018,86,738.73,63530.65,58400,4660.84,5.92
2024-11,Central,Premium Pack,REP020,99,5524.81,546955.91,105000,32204.09,0.12
2023-10,West,Standard Pack,REP019,71,3092.96,219600.33,51000,7643.69,8.03
2024-10,West,Trial Pack,REP011,53,718.23,38066.39,32000,218.68,1.41
2023-06,North,Trial Pack,REP004,6,860.77,5164.61,63200,62.25,13.25
2024-09,South,Trial Pack,REP003,52,785.69,40855.68,19200,687.75,7.82
2023-04,East,Economy Pack,REP014,19,1467.24,27877.59,27000,1610.56,9.23
2024-01,West,Standard Pack,REP019,23,2989.42,68756.59,51000,251.4,3.03
2023-03,East,Standard Pack,REP003,95,2961.28,281321.82,165000,9153.63,4.75
2023-07,South,Trial Pack,REP010,85,866.84,73681.26,30400,4384.14,10.68
2023-12,North,Trial Pack,REP009,73,896.9,65473.63,52800,2657.52,11.02
2024-06,North,Bulk Pack,REP010,70,7323.38,512636.9,264000,13418.78,9.43
2023-02,North,Economy Pack,REP002,64,1531.56,98019.66,36000,4615.89,13.85
2023-11,East,Trial Pack,REP001,62,768.1,47622.08,40800,1967.23,1.42
2023-07,West,Premium Pack,REP015,99,5467.79,541310.95,305000,34728.19,10.9
2023-04,North,Trial Pack,REP020,18,889.9,16018.17,13600,658.72,5.45
2023-04,East,Trial Pack,REP005,57,784.01,44688.3,48800,1950.92,9.41
2023-01,North,Standard Pack,REP011,75,3077.93,230844.78,36000,3297.07,5.64
2023-11,Central,Standard Pack,REP018,73,3102.7,226497.37,168000,11375.58,0.0
2024-09,Central,Premium Pack,REP015,21,4304.38,90392.03,115000,3110.34,10.37
2023-02,Central,Premium Pack,REP006,73,4986.86,364040.65,300000,21842.16,4.13
2023-07,West,Economy Pack,REP001,21,1588.32,33354.69,100500,2180.29,12.37
2024-12,Central,Economy Pack,REP006,49,1541.62,75539.33,60000,2396.75,7.61
2023-03,West,Trial Pack,REP014,83,770.28,63932.9,12000,2622.19,2.2
2024-11,North,Bulk Pack,REP012,45,9197.62,413893.02,536000,4928.86,11.9
2023-04,South,Bulk Pack,REP013,87,7695.93,669546.08,424000,29814.83,3.2
2024-02,South,Economy Pack,REP019,64,1510.33,96661.2,87000,4420.43,6.83
2024-03,East,Premium Pack,REP001,11,5576.11,61337.16,135000,2638.02,7.38
2024-03,West,Premium Pack,REP003,67,4758.62,318827.22,120000,7433.99,1.76
2024-05,South,Trial Pack,REP019,95,805.14,76488.42,13600,2081.15,2.68
2023-03,East,Economy Pack,REP009,61,1442.03,87963.73,79500,3708.29,8.3
2024-08,West,Premium Pack,REP015,38,4557.89,173199.68,65000,6949.86,13.0
2024-03,West,Premium Pack,REP002,21,4375.93,91894.48,90000,2285.2,14.3
2024-07,North,Economy Pack,REP017,78,1460.17,113893.11,55500,8915.16,5.63
2024-06,West,Standard Pack,REP001,7,3348.56,23439.93,57000,634.82,2.95
2024-02,South,Premium Pack,REP012,43,5144.35,221206.9,325000,13994.8,8.73
2023-08,West,Premium Pack,REP016,80,4688.6,375088.35,95000,22945.28,3.66
2024-07,East,Trial Pack,REP015,49,731.23,35830.31,49600,2692.95,6.43
2024-08,East,Bulk Pack,REP015,95,7579.98,720098.15,208000,26044.64,12.26
2024-06,East,Bulk Pack,REP005,58,6955.82,403437.37,528000,21734.65,0.28
2023-06,West,Bulk Pack,REP009,55,8066.98,443684.1,136000,3030.14,6.67
2023-06,Central,Bulk Pack,REP012,11,8496.07,93456.73,520000,5427.17,8.55
2023-06,North,Trial Pack,REP008,20,877.72,17554.43,21600,909.33,2.05
2024-11,East,Trial Pack,REP007,53,800.78,42441.6,24800,2947.65,1.94
2024-09,Central,Premium Pack,REP004,7,4689.9,32829.29,200000,482.56,7.67
2024-10,East,Premium Pack,REP015,42,4783.3,200898.73,375000,98.5,6.96
2023-12,East,Standard Pack,REP014,95,3299.1,313414.48,69000,2764.99,5.75
2023-02,East,Standard Pack,REP004,40,2879.81,115192.44,123000,5271.9,9.24
2023-03,West,Bulk Pack,REP010,66,8453.98,557962.51,608000,43102.64,2.41
2023-08,North,Trial Pack,REP003,8,779.54,6236.29,24000,160.36,11.45
2023-07,West,Trial Pack,REP010,22,908.79,19993.38,23200,878.01,0.05
2023-12,South,Standard Pack,REP002,91,2779.28,252914.75,30000,9622.44,4.49
2023-09,North,Economy Pack,REP016,56,1601.86,89704.2,108000,5939.71,6.42
2024-08,North,Trial Pack,REP012,67,721.96,48371.42,37600,3797.46,7.77
2023-08,East,Economy Pack,REP019,64,1289.62,82535.46,67500,3812.54,6.27
2024-01,West,Premium Pack,REP018,19,5164.97,98134.47,260000,2995.66,7.6
2024-09,North,Premium Pack,REP017,92,5666.66,521332.44,295000,39644.22,9.38
2023-02,South,Standard Pack,REP003,98,2778.11,272254.62,48000,5944.34,2.54
2024-03,Central,Economy Pack,REP014,7,1319.56,9236.91,94500,440.75,4.12
2024-02,West,Trial Pack,REP003,49,710.72,34825.49,8800,457.23,0.82
2024-12,Central,Economy Pack,REP013,72,1467.89,105688.19,94500,6478.46,5.62
2023-10,North,Economy Pack,REP019,75,1701.1,127582.74,111000,465.23,5.17
2024-02,North,Standard Pack,REP013,77,2726.79,209962.73,57000,16105.0,3.09
2023-07,South,Economy Pack,REP002,83,1523.32,126435.78,91500,1734.83,8.47
2024-11,West,Trial Pack,REP008,98,686.52,67279.13,62400,3518.97,14.93
2023-06,Central,Economy Pack,REP011,76,1703.87,129494.19,111000,3530.7,14.32
2024-03,West,Standard Pack,REP016,92,2786.53,256361.02,231000,6160.66,6.51
2023-06,South,Standard Pack,REP010,10,2662.05,26620.49,183000,1368.9,10.55
2024-10,East,Standard Pack,REP017,68,2596.14,176537.74,105000,12823.18,0.88
2023-10,Central,Standard Pack,REP011,17,2898.6,49276.2,99000,3115.37,4.33
2024-10,Central,Economy Pack,REP019,59,1408.79,83118.33,79500,1242.35,5.27
2023-09,North,Standard Pack,REP013,9,3314.22,29828.01,174000,2231.52,14.32
2024-03,East,Economy Pack,REP009,42,1307.71,54923.73,79500,3609.76,1.22
2024-04,West,Standard Pack,REP017,7,3218.34,22528.39,192000,1048.54,1.49
2023-01,South,Economy Pack,REP020,34,1567.55,53296.54,34500,3646.92,10.13
2023-09,North,Bulk Pack,REP010,10,7967.24,79672.4,488000,1269.0,14.11
2024-03,North,Bulk Pack,REP008,14,8681.4,121539.59,152000,57.17,5.82
2023-01,West,Economy Pack,REP010,16,1415.04,22640.68,22500,1092.53,2.19
2023-09,East,Standard Pack,REP002,44,3131.95,137805.65,78000,7646.94,14.63
2024-05,North,Trial Pack,REP019,50,715.59,35779.39,20800,1141.03,5.09
2023-07,Central,Premium Pack,REP007,12,4912.04,58944.48,235000,4227.54,12.54
2024-11,South,Bulk Pack,REP009,12,7794.49,93533.84,480000,5000.22,10.75
2023-06,East,Economy Pack,REP019,47,1607.39,75547.5,31500,5961.77,6.49
2024-06,North,Standard Pack,REP003,27,3389.08,91505.03,177000,5057.82,6.32
2023-06,East,Trial Pack,REP013,94,787.35,74010.9,23200,3300.99,14.35
2024-04,Central,Economy Pack,REP001,90,1475.08,132757.32,90000,1213.39,8.24
2024-02,South,Premium Pack,REP008,59,5340.86,315110.95,255000,2340.52,7.75
2024-12,North,Trial Pack,REP016,51,742.97,37891.4,61600,1640.03,13.91
2023-11,West,Trial Pack,REP016,89,832.72,74112.31,56800,586.4,6.5
2023-09,North,Trial Pack,REP018,52,843.57,43865.56,40000,2364.4,13.92
2023-04,South,Economy Pack,REP006,71,1385.48,98368.78,88500,6549.49,6.89
2024-01,East,Standard Pack,REP017,69,2925.0,201825.21,195000,12600.99,13.82
2023-06,Central,Standard Pack,REP011,77,2589.91,199423.24,150000,12920.58,14.76
2023-08,East,Trial Pack,REP019,53,783.37,41518.72,31200,1484.91,14.01
2024-09,West,Premium Pack,REP015,24,4596.15,110307.66,135000,7700.68,4.46
2023-05,Central,Bulk Pack,REP018,6,6877.19,41263.14,264000,542.24,12.69
2023-08,Central,Trial Pack,REP004,6,684.22,4105.29,21600,281.49,3.49
2023-09,North,Standard Pack,REP006,97,3396.42,329452.47,174000,2208.87,2.41
2023-10,South,Economy Pack,REP012,21,1413.87,29691.34,91500,2082.38,10.51
2024-09,South,Standard Pack,REP007,68,3350.09,227806.29,84000,10041.51,11.56
2023-08,North,Standard Pack,REP012,83,2801.7,232540.71,111000,6797.74,7.06
2023-12,North,Standard Pack,REP015,85,3344.53,284285.1,159000,8063.33,14.27
2024-02,West,Trial Pack,REP001,5,729.34,3646.69,36800,134.03,1.16
2023-05,South,Premium Pack,REP019,51,4677.53,238553.87,390000,15961.53,10.35
2024-06,Central,Standard Pack,REP013,6,2734.48,16406.89,165000,431.29,1.62
2024-03,Central,Trial Pack,REP014,49,760.41,37260.18,24800,2549.84,6.53
2023-03,South,Standard Pack,REP005,31,2889.33,89569.29,213000,1627.48,13.32
2024-09,South,Standard Pack,REP012,36,2553.25,91917.06,144000,3631.76,9.28
2024-06,East,Bulk Pack,REP001,44,8227.58,362013.32,352000,5286.31,5.42
2024-02,Central,Premium Pack,REP018,16,5515.16,88242.57,215000,3123.58,2.33
2024-01,West,Premium Pack,REP007,78,4956.88,386636.33,170000,27104.89,8.58
2023-02,East,Economy Pack,REP018,74,1317.18,97471.04,85500,867.85,3.23
2024-02,East,Economy Pack,REP009,75,1474.88,110615.82,88500,2349.8,6.68
2023-09,West,Premium Pack,REP017,80,5427.1,434168.21,150000,32209.47,10.54
2024-12,North,Economy Pack,REP004,36,1329.46,47860.45,57000,2553.21,13.95
2024-10,West,Standard Pack,REP004,23,2724.9,62672.68,90000,1035.91,7.63
2023-02,East,Premium Pack,REP004,99,5669.3,561260.33,285000,38498.64,8.37
2023-04,East,Standard Pack,REP004,23,2603.68,59884.54,84000,398.68,13.73
2023-04,North,Bulk Pack,REP010,43,7248.9,311702.81,216000,9735.68,5.72
2023-07,South,Standard Pack,REP006,54,2598.4,140313.56,30000,7427.87,13.3
2024-08,Central,Premium Pack,REP019,50,4402.36,220117.91,325000,1964.04,10.56
2023-01,North,Economy Pack,REP005,36,1544.21,55591.63,55500,149.47,5.95
2024-09,Central,Standard Pack,REP012,79,3282.65,259329.3,78000,4704.64,6.84
2024-08,East,Bulk Pack,REP016,55,8269.44,454819.01,480000,19166.06,8.07
2023-12,East,Economy Pack,REP002,52,1562.21,81235.07,16500,139.0,14.16
2023-09,East,Economy Pack,REP006,48,1644.72,78946.38,31500,5812.92,13.19
2023-09,West,Economy Pack,REP003,8,1436.7,11493.61,28500,863.61,2.8
2023-08,North,Premium Pack,REP019,67,5365.26,359472.67,200000,16664.43,3.7
2023-03,North,Economy Pack,REP016,60,1674.87,100492.0,102000,7960.29,15.0
2023-12,North,Bulk Pack,REP008,53,7699.21,408058.39,488000,1095.53,7.24
2023-10,West,Standard Pack,REP007,11,2917.14,32088.56,99000,124.09,13.08
2023-08,North,Economy Pack,REP016,51,1572.65,80205.07,108000,4523.68,3.97
2023-05,East,Trial Pack,REP013,83,788.97,65484.92,19200,2920.49,9.66
2023-02,West,Economy Pack,REP002,53,1581.81,83835.85,55500,966.88,13.1
2024-05,Central,Premium Pack,REP004,33,5335.04,176056.25,335000,2842.25,1.06
2023-11,North,Trial Pack,REP004,82,730.54,59904.17,54400,2580.71,3.82
2023-09,Central,Trial Pack,REP008,57,719.37,41004.07,12800,2952.39,13.89
2024-06,West,Standard Pack,REP013,18,2957.82,53240.81,105000,2052.2,10.46
2023-02,East,Standard Pack,REP013,9,2806.47,25258.24,114000,942.96,7.3
2024-03,North,Premium Pack,REP017,66,5742.12,378979.96,340000,15035.98,12.14
2023-05,Central,Bulk Pack,REP011,73,8876.41,647977.64,160000,25888.24,7.12
2023-02,North,Economy Pack,REP014,51,1628.4,83048.36,27000,1257.91,3.17
2023-08,East,Economy Pack,REP020,22,1679.56,36950.33,100500,422.29,12.93
2024-01,West,Bulk Pack,REP014,35,7325.99,256409.57,440000,3860.18,3.18
2024-12,North,Trial Pack,REP014,55,740.05,40702.7,40800,605.54,13.64
2024-03,South,Economy Pack,REP002,27,1311.39,35407.57,69000,1926.33,14.08
2023-07,South,Bulk Pack,REP012,68,8865.26,602837.72,296000,10268.37,1.18
2024-04,South,Economy Pack,REP006,5,1418.19,7090.97,76500,326.05,4.92
2023-01,East,Standard Pack,REP007,19,2562.29,48683.55,186000,217.47,14.67
2024-12,South,Trial Pack,REP008,44,686.44,30203.51,12800,939.2,7.97
2024-06,South,Economy Pack,REP012,69,1670.7,115277.99,88500,3118.11,1.61
2024-08,East,Premium Pack,REP002,39,5743.28,223987.93,165000,6363.64,4.22
2024-04,North,Premium Pack,REP005,31,5362.41,166234.81,340000,690.36,12.56
2024-08,North,Standard Pack,REP016,19,3316.93,63021.59,69000,4929.13,8.92
2023-05,North,Bulk Pack,REP009,35,7750.26,271259.05,496000,9375.82,7.92
2023-08,East,Standard Pack,REP016,87,2706.97,235506.35,75000,5877.83,12.26
2023-04,South,Economy Pack,REP013,22,1329.59,29250.92,58500,907.71,9.58
2024-04,West,Trial Pack,REP015,70,797.71,55839.72,29600,2093.92,5.98
2023-01,West,Premium Pack,REP017,50,4843.47,242173.51,255000,2239.85,1.54
2024-07,North,Economy Pack,REP012,83,1400.58,116247.9,61500,237.37,10.91
2023-05,South,Trial Pack,REP016,52,877.33,45621.36,36800,2129.3,14.78
2024-09,East,Premium Pack,REP001,24,4358.41,104601.79,215000,4387.3,6.12
2023-11,Central,Trial Pack,REP010,17,800.1,13601.73,53600,983.57,0.67
2024-01,Central,Premium Pack,REP006,57,4551.62,259442.19,100000,7180.79,10.08
2024-10,East,Bulk Pack,REP019,48,8017.45,384837.83,320000,3186.38,3.8
2024-10,West,Premium Pack,REP006,13,4556.94,59240.2,115000,3622.65,12.6
2024-04,West,Standard Pack,REP016,37,2593.42,95956.53,60000,942.22,14.45
2024-03,North,Bulk Pack,REP018,73,8528.92,622610.81,608000,45916.08,0.54
2023-08,South,Economy Pack,REP001,66,1536.99,101441.37,81000,4708.66,13.32
2023-03,North,Trial Pack,REP006,8,760.32,6082.54,49600,450.27,6.7
2024-04,East,Standard Pack,REP017,19,2678.88,50898.68,57000,1693.08,14.47
2023-05,West,Bulk Pack,REP006,18,7659.4,137869.29,200000,2321.53,10.45
2023-09,South,Economy Pack,REP008,68,1618.52,110059.47,37500,8075.91,11.71
2023-05,East,Standard Pack,REP011,5,2739.79,13698.95,234000,814.1,0.34
2023-07,South,Bulk Pack,REP017,84,9194.47,772335.56,480000,5359.59,1.76
2023-08,North,Premium Pack,REP019,89,4753.24,423038.21,255000,17141.38,5.41
2024-08,North,Standard Pack,REP008,56,3242.31,181569.25,126000,3235.91,9.8
2023-06,East,Trial Pack,REP005,86,729.02,62696.08,34400,3732.5,11.4
2024-07,South,Standard Pack,REP015,65,2558.29,166288.53,171000,11135.67,8.25
2024-11,North,Economy Pack,REP007,51,1334.66,68067.47,15000,559.83,1.16
2023-06,East,Bulk Pack,REP003,68,6865.29,466839.45,152000,10718.75,13.66
2023-03,East,Standard Pack,REP008,82,2568.82,210642.89,81000,14004.96,13.68
2023-01,Central,Premium Pack,REP010,13,5110.58,66437.59,100000,102.6,14.48
2023-02,Central,Trial Pack,REP019,42,820.52,34461.98,56000,1415.49,2.46
2023-03,West,Premium Pack,REP010,7,4983.03,34881.21,255000,532.35,4.81
2023-01,North,Bulk Pack,REP005,63,7182.0,452465.71,344000,4882.1,0.39
2024-10,East,Premium Pack,REP003,19,5650.99,107368.87,235000,1646.6,13.67
2024-03,North,Trial Pack,REP013,37,727.9,26932.34,24800,1825.39,7.38
2024-05,South,Standard Pack,REP018,64,3012.89,192825.21,48000,11653.64,13.2
2024-12,East,Premium Pack,REP001,58,5041.77,292422.42,310000,4207.33,5.21
2024-09,South,Premium Pack,REP015,56,5139.43,287808.16,145000,7505.55,8.44
2023-08,North,Economy Pack,REP010,48,1479.72,71026.6,57000,3267.37,1.64
2023-01,Central,Bulk Pack,REP017,54,7560.2,408250.62,392000,22685.92,10.79
2023-12,Central,Premium Pack,REP009,96,4859.05,466468.93,110000,27432.7,4.36
2024-04,South,Economy Pack,REP004,10,1282.06,12820.63,18000,657.9,2.79
2024-09,West,Economy Pack,REP004,28,1518.92,42529.65,39000,150.7,11.25
2023-10,Central,Economy Pack,REP006,70,1338.49,93694.58,60000,2782.56,9.69
2024-03,West,Bulk Pack,REP008,94,7901.22,742714.61,192000,39030.74,4.2
2024-05,North,Premium Pack,REP008,94,4427.36,416171.58,235000,22866.84,8.52
2023-06,West,Standard Pack,REP006,30,2751.98,82559.48,150000,3377.18,9.55
2024-07,East,Trial Pack,REP015,94,791.71,74420.3,52000,3806.69,13.09
2024-12,South,Premium Pack,REP004,14,5498.73,76982.28,120000,3737.22,12.91
2024-07,North,Bulk Pack,REP002,21,8953.78,188029.31,600000,7110.62,4.66
2023-10,Central,Trial Pack,REP012,40,900.41,36016.34,37600,2352.29,13.98
2024-03,Central,Premium Pack,REP007,61,5743.35,350344.26,65000,8833.92,13.13
2023-10,West,Economy Pack,REP007,40,1408.27,56330.78,87000,82.04,1.93
2023-04,East,Economy Pack,REP011,80,1344.13,107530.73,81000,4860.54,7.02
2024-05,West,Standard Pack,REP014,16,2780.92,44494.65,180000,3296.19,0.36
2024-11,South,Economy Pack,REP006,48,1677.47,80518.57,18000,1008.14,3.75
2024-12,North,Trial Pack,REP017,59,804.36,47457.5,54400,3319.7,8.98
2023-02,South,Premium Pack,REP009,26,4396.5,114308.99,180000,5264.26,8.91
2023-05,South,Premium Pack,REP019,46,5658.62,260296.61,95000,17442.73,13.25
2023-07,West,Bulk Pack,REP016,10,7840.08,78400.81,352000,599.57,6.61
2024-01,East,Standard Pack,REP012,62,2981.98,184883.06,147000,4274.36,11.99
2023-10,South,Trial Pack,REP007,91,896.32,81564.9,36000,4690.4,3.38
2023-11,East,Trial Pack,REP019,21,753.07,15814.39,24800,974.72,12.32
2023-01,North,Bulk Pack,REP014,68,8582.32,583597.5,536000,26563.96,13.4
2024-07,North,Premium Pack,REP013,92,4924.19,453025.37,110000,28189.49,3.68
2023-03,South,Premium Pack,REP014,78,5050.45,393935.37,380000,15796.26,10.57
2024-07,North,Standard Pack,REP016,6,2978.22,17869.3,162000,1276.34,12.08
2024-10,South,Premium Pack,REP012,13,4842.72,62955.41,285000,2645.23,10.86
2024-11,East,Bulk Pack,REP019,94,6888.3,647500.66,176000,7683.98,0.33
2023-02,Central,Bulk Pack,REP007,98,8928.64,875006.5,456000,59205.63,4.86
2024-11,South,Economy Pack,REP018,89,1608.21,143130.61,15000,3511.49,14.42
2024-11,North,Bulk Pack,REP006,12,7898.3,94779.65,232000,7450.38,12.12
2024-12,North,Bulk Pack,REP010,56,8529.61,477658.09,360000,7120.3,5.46
2024-03,South,Economy Pack,REP019,44,1635.44,71959.52,66000,5660.38,4.93
2024-09,East,Standard Pack,REP019,67,3294.41,220725.65,174000,11647.2,12.85
2024-10,North,Economy Pack,REP003,99,1707.93,169085.46,61500,11834.39,10.6
2024-12,Central,Standard Pack,REP013,70,3256.5,227954.95,204000,5554.44,0.53
2024-05,East,Trial Pack,REP015,46,879.09,40437.94,12800,2634.96,9.68
2023-09,East,Economy Pack,REP020,36,1531.84,55146.35,43500,2223.83,7.9
2024-12,Central,Bulk Pack,REP016,43,6924.93,297771.81,592000,21409.22,8.9
2023-12,South,Economy Pack,REP011,86,1329.92,114373.09,72000,7375.8,6.57
2023-12,North,Bulk Pack,REP016,55,8107.52,445913.86,432000,22148.51,14.54
2023-10,North,Premium Pack,REP014,19,5257.93,99900.75,275000,5061.24,2.75
2023-12,West,Trial Pack,REP019,42,811.18,34069.67,60000,2445.65,0.32
2024-07,North,Standard Pack,REP011,52,2939.48,152852.74,102000,9828.56,13.29
2023-04,South,Trial Pack,REP005,71,894.57,63514.69,52000,2765.45,14.35
2024-05,Central,Premium Pack,REP006,31,5706.94,176915.27,105000,5258.96,2.93
2023-09,West,Standard Pack,REP008,77,2769.02,213214.33,75000,5807.12,4.68
2024-03,Central,Economy Pack,REP014,61,1576.82,96186.0,103500,6634.92,5.86
2023-02,Central,Standard Pack,REP002,19,2675.46,50833.8,207000,865.6,1.21
2023-02,South,Bulk Pack,REP003,41,7772.54,318674.22,528000,21292.98,3.15
2023-08,Central,Bulk Pack,REP016,23,8280.15,190443.49,624000,5952.54,11.49
2023-04,South,Trial Pack,REP001,7,747.69,5233.86,13600,379.64,14.38
2023-08,East,Premium Pack,REP011,53,5385.75,285444.75,250000,1436.32,5.68
2023-04,South,Bulk Pack,REP001,79,7931.28,626571.4,112000,47034.82,0.19
2024-10,Central,Bulk Pack,REP011,48,7300.8,350438.51,496000,11965.12,7.72
2023-03,Central,Bulk Pack,REP011,15,8524.64,127869.66,128000,1457.34,9.61
2023-01,East,Trial Pack,REP001,38,735.06,27932.24,36800,748.26,13.79
2024-03,South,Economy Pack,REP005,50,1614.54,80726.91,25500,4224.72,4.62
2023-01,South,Trial Pack,REP009,67,916.08,61377.27,15200,1998.9,7.48
2024-04,North,Trial Pack,REP010,99,792.39,78446.54,58400,2831.7,2.24
2023-12,East,Premium Pack,REP008,93,4867.27,452655.87,345000,32004.11,10.49
2024-03,West,Premium Pack,REP013,31,4579.51,141964.87,355000,1270.26,9.6
2024-09,West,Premium Pack,REP019,18,4521.15,81380.79,75000,583.98,11.01
2024-01,South,Bulk Pack,REP011,83,8804.07,730737.97,544000,57828.06,5.95
2023-08,East,Premium Pack,REP020,61,4383.52,267394.98,130000,16427.41,12.79
2024-04,South,Economy Pack,REP002,16,1589.01,25424.19,91500,1800.5,3.78
2023-12,Central,Trial Pack,REP003,64,843.04,53954.29,56000,1404.82,0.85
2023-09,North,Economy Pack,REP008,53,1416.33,75065.75,70500,4679.32,2.86
2024-01,Central,Bulk Pack,REP013,43,8872.87,381533.47,184000,22947.98,0.26
2023-02,East,Standard Pack,REP008,25,3343.12,83578.11,66000,5498.53,8.19
2024-04,North,Bulk Pack,REP008,41,6869.84,281663.58,416000,15424.9,3.26
2024-12,West,Standard Pack,REP009,69,3437.97,237220.26,87000,10165.01,2.06
2023-10,East,Premium Pack,REP016,10,5537.42,55374.2,375000,2208.52,13.13
2023-04,Central,Premium Pack,REP015,84,4327.25,363489.04,280000,22246.79,6.08
2023-07,South,Economy Pack,REP010,5,1413.35,7066.76,34500,527.31,4.59
2024-10,West,Bulk Pack,REP002,43,8790.56,377994.1,224000,11858.13,12.66
2024-03,Central,Trial Pack,REP004,75,709.76,53232.05,44000,2742.51,14.92
2023-10,North,Trial Pack,REP001,69,773.19,53350.21,23200,2013.02,4.03
2023-03,East,Trial Pack,REP013,15,807.88,12118.17,34400,957.9,6.58
2024-05,East,Standard Pack,REP005,67,3434.16,230088.42,75000,11223.37,4.12
2024-08,North,Standard Pack,REP002,71,3389.19,240632.14,129000,2413.62,2.41
2023-02,North,Trial Pack,REP008,22,704.68,15503.04,46400,418.48,9.84
2023-10,South,Bulk Pack,REP012,12,9009.11,108109.3,512000,8234.27,12.63
2023-08,East,Premium Pack,REP017,48,4702.1,225700.68,385000,13937.33,7.75
2024-04,South,Premium Pack,REP005,27,4662.31,125882.29,130000,8904.35,0.26
2024-08,Central,Economy Pack,REP007,17,1523.52,25899.85,112500,135.21,12.89
2024-02,North,Standard Pack,REP007,32,3302.23,105671.22,165000,7015.91,9.89
2024-05,East,Bulk Pack,REP004,81,8950.0,724950.26,368000,51011.17,8.7
2023-03,South,Premium Pack,REP012,90,5584.7,502622.61,355000,21592.96,4.63
2023-09,Central,Bulk Pack,REP020,27,7251.16,195781.35,616000,3529.34,14.61
2024-04,South,Premium Pack,REP005,10,5175.35,51753.52,340000,582.15,1.07
2024-01,North,Standard Pack,REP007,41,2667.93,109385.27,75000,5913.67,1.47
2023-11,East,Standard Pack,REP008,17,2948.96,50132.28,111000,1177.45,11.3
2023-04,West,Premium Pack,REP012,20,5441.42,108828.42,290000,3425.47,1.98
2024-12,South,Premium Pack,REP005,85,4928.01,418881.06,55000,22444.89,4.03
2023-04,Central,Bulk Pack,REP011,99,8624.49,853824.86,544000,38552.1,13.3
2024-03,North,Bulk Pack,REP007,9,8715.61,78440.49,504000,5596.21,4.73
2023-03,East,Economy Pack,REP015,52,1650.99,85851.62,109500,5146.12,2.94
2024-10,East,Trial Pack,REP017,82,780.16,63973.26,35200,1998.91,4.77
2024-09,Central,Standard Pack,REP018,84,3158.21,265289.8,117000,2633.73,6.3
2023-08,North,Trial Pack,REP007,37,727.84,26930.14,30400,48.88,13.97
2023-12,North,Premium Pack,REP004,8,4949.95,39599.61,175000,2818.59,6.56
2023-12,East,Bulk Pack,REP009,82,7922.94,649681.25,424000,41098.74,1.13
2024-04,West,Standard Pack,REP002,22,3077.6,67707.17,99000,2291.83,2.06
2024-10,West,Premium Pack,REP011,59,5323.23,314070.35,215000,7334.92,8.18
2023-06,Central,Bulk Pack,REP014,88,9062.73,797520.52,304000,20788.84,11.73
2023-01,Central,Premium Pack,REP020,65,5013.74,325893.02,230000,1712.39,3.74
2023-04,Central,Trial Pack,REP014,78,789.9,61612.25,30400,2476.97,8.42
2023-02,Central,Economy Pack,REP018,58,1650.06,95703.62,93000,2808.85,11.41
2024-07,North,Bulk Pack,REP001,85,8027.73,682357.46,624000,24679.15,4.51
2023-04,North,Bulk Pack,REP006,28,7598.15,212748.23,472000,8564.47,11.53
2024-03,East,Bulk Pack,REP008,45,7180.13,323106.04,120000,11157.54,4.98
2023-11,South,Trial Pack,REP020,69,893.2,61631.1,20800,1027.98,2.44
2023-02,South,Trial Pack,REP012,17,846.88,14396.94,56800,298.42,5.16
2023-11,West,Premium Pack,REP015,80,4505.15,360412.15,165000,19253.39,12.82
2023-01,East,Bulk Pack,REP011,50,8112.48,405624.03,352000,1440.86,11.95
2023-02,West,Trial Pack,REP016,17,900.98,15316.73,56800,227.4,3.29
2023-03,East,Economy Pack,REP001,73,1621.34,118357.57,42000,9379.87,3.98
2024-03,West,Premium Pack,REP017,79,5202.65,411009.41,210000,22635.0,4.09
2023-01,South,Standard Pack,REP018,10,3038.69,30386.9,222000,739.51,9.82
2023-10,East,Trial Pack,REP009,73,907.41,66240.6,61600,3619.08,13.55
2023-06,North,Premium Pack,REP009,23,5051.99,116195.76,100000,6446.67,0.13
2023-03,East,Trial Pack,REP007,70,786.9,55082.81,23200,3375.29,6.81
2023-04,East,Bulk Pack,REP019,50,8582.73,429136.56,136000,25537.48,2.1
2023-03,South,Premium Pack,REP001,11,4388.12,48269.33,135000,3096.82,11.3
2023-01,South,Premium Pack,REP017,37,5667.74,209706.46,385000,8439.77,1.16
2023-12,South,Bulk Pack,REP002,92,8963.76,824666.23,368000,58249.55,8.58
2023-08,West,Bulk Pack,REP018,72,8738.0,629135.78,632000,22508.98,8.55
2024-06,East,Standard Pack,REP015,95,2823.14,268197.9,42000,14364.65,0.4
2024-03,Central,Premium Pack,REP003,30,5468.15,164044.58,60000,6905.3,1.92
2024-11,West,Premium Pack,REP006,15,5398.15,80972.22,215000,3141.33,7.03
2023-02,Central,Bulk Pack,REP005,78,7063.19,550929.07,144000,26310.78,8.54
2023-06,East,Bulk Pack,REP014,99,7455.99,738143.11,344000,56152.7,3.11
2023-01,North,Standard Pack,REP008,75,2649.3,198697.6,90000,6416.11,4.75
2024-02,East,Standard Pack,REP002,65,3433.45,223174.15,78000,16471.02,1.22
2023-08,North,Trial Pack,REP012,42,694.31,29161.15,28000,265.14,10.57
2024-03,South,Premium Pack,REP019,80,4985.06,398805.1,115000,7895.31,9.01
2024-09,Central,Trial Pack,REP016,70,710.17,49712.01,43200,2986.79,5.66
2024-07,South,Premium Pack,REP006,99,4412.83,436870.47,325000,28142.19,12.07
2024-11,South,Economy Pack,REP016,9,1510.66,13595.98,67500,608.68,2.49
2024-07,West,Standard Pack,REP009,85,3156.16,268274.01,144000,3342.18,11.53
2023-01,East,Trial Pack,REP011,26,877.58,22817.08,52800,691.28,12.27
2024-01,West,Bulk Pack,REP018,35,7347.39,257158.52,360000,8254.06,11.93
2024-09,East,Economy Pack,REP012,97,1695.41,164454.42,30000,11555.75,4.25
2024-02,South,Bulk Pack,REP010,30,8803.68,264110.33,424000,19837.5,14.89
2023-07,South,Bulk Pack,REP020,82,7637.27,626256.06,304000,27319.95,6.35
2023-11,Central,Bulk Pack,REP019,88,9143.62,804638.32,408000,63024.75,11.9
2024-04,Central,Trial Pack,REP013,55,810.45,44574.73,33600,3404.15,2.34
2023-05,West,Premium Pack,REP016,85,4793.69,407464.07,305000,1081.82,7.76
2024-11,Central,Premium Pack,REP014,95,4793.99,455428.96,295000,29153.22,9.63
2024-03,Central,Bulk Pack,REP020,9,7918.41,71265.68,576000,1809.67,2.33
2024-02,East,Bulk Pack,REP019,46,7750.22,356510.16,160000,21456.52,5.63
2023-06,North,Bulk Pack,REP018,99,7656.25,757968.8,152000,17897.53,9.23
2023-11,East,Economy Pack,REP001,62,1314.25,81483.55,106500,4537.96,13.36
